W;B;E;S;RE_OA_a;RE_OA_b;Bewerkingstype;Count
1;0;0;A;0.002665439;2.272501545;0;500
1;0;0;B;0.001874177;2.50069353;0;704
1;0;0;C;0.002632328;2.264368579;0;1552
1;0;0;D;0.003625704;2.0856346;0;6544
1;0;0;E;0.002904602;2.231943987;0;1458
1;0;0;F;0.003479577;2.028547469;0;5754
1;0;0;G;0.004351187;1.881594839;0;10934
1;0;1;A;0.005699477;1.549454838;3;0
1;0;1;B;0.005699477;1.549454838;3;0
1;0;1;C;0.005699477;1.549454838;3;0
1;0;1;D;0.005699477;1.549454838;0;112
1;0;1;E;0.005126288;1.584240471;1;0
1;0;1;F;0.0045531;1.619026104;0;129
1;0;1;G;0.004362625;1.737154138;0;540
1;0;2;A;0.002665439;2.272501545;5;0
1;0;2;B;0.001874177;2.50069353;5;0
1;0;2;C;0.002632328;2.264368579;5;0
1;0;2;D;0.003625704;2.0856346;5;0
1;0;2;E;0.002904602;2.231943987;5;0
1;0;2;F;0.003479577;2.028547469;5;0
1;0;2;G;0.004351187;1.881594839;5;0
1;1;0;A;0.004731834;2.259686364;0;246
1;1;0;B;0.003058112;2.3020425;0;354
1;1;0;C;0.003051588;2.329643977;0;994
1;1;0;D;0.003176732;2.249740098;0;3822
1;1;0;E;0.002533665;2.303322136;0;1002
1;1;0;F;0.00328909;2.143883006;0;4266
1;1;0;G;0.004709607;1.903151116;0;6806
1;1;1;A;0.006844505;1.481061868;3;0
1;1;1;B;0.006844505;1.481061868;3;0
1;1;1;C;0.006844505;1.481061868;3;0
1;1;1;D;0.006844505;1.481061868;0;56
1;1;1;E;0.004848898;1.728872537;1;0
1;1;1;F;0.002853291;1.976683207;0;78
1;1;1;G;0.006126681;1.478861753;0;277
1;1;2;A;0.004731834;2.259686364;5;0
1;1;2;B;0.003058112;2.3020425;5;0
1;1;2;C;0.003051588;2.329643977;5;0
1;1;2;D;0.003176732;2.249740098;5;0
1;1;2;E;0.002533665;2.303322136;5;0
1;1;2;F;0.00328909;2.143883006;5;0
1;1;2;G;0.004709607;1.903151116;5;0
1;2;0;A;0.001745415;2.554320786;0;387
1;2;0;B;0.001797352;2.520305407;0;584
1;2;0;C;0.002986738;2.217452193;0;4383
1;2;0;D;0.002623395;2.212269353;0;2947
1;2;0;E;0.003651171;2.03664313;0;6170
1;2;0;F;0.004837365;1.826949736;0;7969
1;2;0;G;0.005165341;1.884846677;0;2717
1;2;1;A;0.002799672;1.974581511;3;0
1;2;1;B;0.002799672;1.974581511;3;0
1;2;1;C;0.002799672;1.974581511;0;69
1;2;1;D;0.005713371;1.373849151;0;60
1;2;1;E;0.002599453;2.210311898;0;120
1;2;1;F;0.006931722;1.493059762;0;316
1;2;1;G;0.005185559;1.688137266;0;150
1;2;2;A;0.001473239;1.87107071;3;0
1;2;2;B;0.001473239;1.87107071;3;0
1;2;2;C;0.001473239;1.87107071;0;51
1;2;2;D;0.006478923;1.078810164;0;78
1;2;2;E;0.004086916;1.496583235;0;53
1;2;2;F;0.009974435;0.859672619;0;71
1;2;2;G;0.009974435;0.859672619;2;0
1;3;0;A;0.000251563;2.828338734;0;283
1;3;0;B;0.002394957;2.24471854;0;1720
1;3;0;C;0.002609376;2.064141276;0;6984
1;3;0;D;0.00374435;1.884737546;0;9122
1;3;0;E;0.003372858;1.958483667;0;3030
1;3;0;F;0.003867197;2.005140067;0;2023
1;3;0;G;0.005898767;1.6575311;0;446
1;3;1;A;0.004687738;2.021413549;3;0
1;3;1;B;0.004687738;2.021413549;3;0
1;3;1;C;0.004687738;2.021413549;0;82
1;3;1;D;0.004665592;1.749617494;0;230
1;3;1;E;0.004992978;1.670262055;0;79
1;3;1;F;0.001787306;2.360874076;0;104
1;3;1;G;0.001787306;2.360874076;2;0
1;3;2;A;0.000251563;2.828338734;5;0
1;3;2;B;0.002394957;2.24471854;5;0
1;3;2;C;0.002609376;2.064141276;5;0
1;3;2;D;0.00374435;1.884737546;5;0
1;3;2;E;0.003372858;1.958483667;5;0
1;3;2;F;0.003867197;2.005140067;5;0
1;3;2;G;0.005898767;1.6575311;5;0
1;4;0;A;0.00234159;2.132078211;0;844
1;4;0;B;0.002269426;2.19051876;0;9413
1;4;0;C;0.002818672;2.113690925;0;21443
1;4;0;D;0.002718214;2.234596922;0;3298
1;4;0;E;0.00327961;2.034637474;0;553
1;4;0;F;0.002633143;2.319208333;0;235
1;4;0;G;0.003111697;2.221750752;0;146
1;4;1;A;0.00435492;1.879337404;3;0
1;4;1;B;0.00435492;1.879337404;0;141
1;4;1;C;0.003496302;2.040384176;0;441
1;4;1;D;0.007705663;1.135911349;0;88
1;4;1;E;0.007705663;1.135911349;2;0
1;4;1;F;0.007705663;1.135911349;2;0
1;4;1;G;0.007705663;1.135911349;2;0
1;4;2;A;0.00234159;2.132078211;5;0
1;4;2;B;0.002269426;2.19051876;5;0
1;4;2;C;0.002818672;2.113690925;5;0
1;4;2;D;0.002718214;2.234596922;5;0
1;4;2;E;0.00327961;2.034637474;5;0
1;4;2;F;0.002633143;2.319208333;5;0
1;4;2;G;0.003111697;2.221750752;5;0
1;5;0;A;0.002976446;2.159758916;0;3856
1;5;0;B;0.002517866;2.189634992;0;7298
1;5;0;C;0.004572002;1.928744703;0;1273
1;5;0;D;0.004572002;1.928744703;2;0
1;5;0;E;0.004572002;1.928744703;2;0
1;5;0;F;0.004572002;1.928744703;2;0
1;5;0;G;0.004572002;1.928744703;2;0
1;5;1;A;0.005999818;1.465207315;3;0
1;5;1;B;0.005999818;1.465207315;0;109
1;5;1;C;0.005999818;1.465207315;2;0
1;5;1;D;0.005999818;1.465207315;2;0
1;5;1;E;0.005999818;1.465207315;2;0
1;5;1;F;0.005999818;1.465207315;2;0
1;5;1;G;0.005999818;1.465207315;2;0
1;5;2;A;0.002976446;2.159758916;5;0
1;5;2;B;0.002517866;2.189634992;5;0
1;5;2;C;0.004572002;1.928744703;5;0
1;5;2;D;0.004572002;1.928744703;5;0
1;5;2;E;0.004572002;1.928744703;5;0
1;5;2;F;0.004572002;1.928744703;5;0
1;5;2;G;0.004572002;1.928744703;5;0
1;6;0;A;0.002758855;2.241761584;0;2558
1;6;0;B;0.002780091;2.211323439;0;8325
1;6;0;C;0.003856158;2.107388211;0;1076
1;6;0;D;0.003856158;2.107388211;2;0
1;6;0;E;0.003856158;2.107388211;2;0
1;6;0;F;0.003856158;2.107388211;2;0
1;6;0;G;0.003856158;2.107388211;2;0
1;6;1;A;0.000631438;2.756668958;3;0
1;6;1;B;0.000631438;2.756668958;0;110
1;6;1;C;0.000631438;2.756668958;2;0
1;6;1;D;0.000631438;2.756668958;2;0
1;6;1;E;0.000631438;2.756668958;2;0
1;6;1;F;0.000631438;2.756668958;2;0
1;6;1;G;0.000631438;2.756668958;2;0
1;6;2;A;0.002758855;2.241761584;5;0
1;6;2;B;0.002780091;2.211323439;5;0
1;6;2;C;0.003856158;2.107388211;5;0
1;6;2;D;0.003856158;2.107388211;5;0
1;6;2;E;0.003856158;2.107388211;5;0
1;6;2;F;0.003856158;2.107388211;5;0
1;6;2;G;0.003856158;2.107388211;5;0
1;7;0;A;0.001989456;2.526171382;0;7844
1;7;0;B;0.002927966;2.294115092;0;5309
1;7;0;C;0.000517478;2.581353946;0;52
1;7;0;D;0.000517478;2.581353946;2;0
1;7;0;E;0.000517478;2.581353946;2;0
1;7;0;F;0.000517478;2.581353946;2;0
1;7;0;G;0.000517478;2.581353946;2;0
1;7;1;A;0.002681902;2.245831595;0;124
1;7;1;B;0.006457898;1.615351531;0;152
1;7;1;C;0.006457898;1.615351531;2;0
1;7;1;D;0.006457898;1.615351531;2;0
1;7;1;E;0.006457898;1.615351531;2;0
1;7;1;F;0.006457898;1.615351531;2;0
1;7;1;G;0.006457898;1.615351531;2;0
1;7;2;A;0.001989456;2.526171382;5;0
1;7;2;B;0.002927966;2.294115092;5;0
1;7;2;C;0.000517478;2.581353946;5;0
1;7;2;D;0.000517478;2.581353946;5;0
1;7;2;E;0.000517478;2.581353946;5;0
1;7;2;F;0.000517478;2.581353946;5;0
1;7;2;G;0.000517478;2.581353946;5;0
1;8;0;A;0.002762109;2.547593355;0;7907
1;8;0;B;0.004921277;2.134183147;0;51
1;8;0;C;0.004921277;2.134183147;2;0
1;8;0;D;0.004921277;2.134183147;2;0
1;8;0;E;0.004921277;2.134183147;2;0
1;8;0;F;0.004921277;2.134183147;2;0
1;8;0;G;0.004921277;2.134183147;2;0
1;8;1;A;0.003638789;2.054110117;0;213
1;8;1;B;0.003638789;2.054110117;2;0
1;8;1;C;0.003638789;2.054110117;2;0
1;8;1;D;0.003638789;2.054110117;2;0
1;8;1;E;0.003638789;2.054110117;2;0
1;8;1;F;0.003638789;2.054110117;2;0
1;8;1;G;0.003638789;2.054110117;2;0
1;8;2;A;0.002762109;2.547593355;5;0
1;8;2;B;0.004921277;2.134183147;5;0
1;8;2;C;0.004921277;2.134183147;5;0
1;8;2;D;0.004921277;2.134183147;5;0
1;8;2;E;0.004921277;2.134183147;5;0
1;8;2;F;0.004921277;2.134183147;5;0
1;8;2;G;0.004921277;2.134183147;5;0
1;9;0;A;0.004072166;2.350125891;0;2029
1;9;0;B;0.004072166;2.350125891;2;0
1;9;0;C;0.004072166;2.350125891;2;0
1;9;0;D;0.004072166;2.350125891;2;0
1;9;0;E;0.004072166;2.350125891;2;0
1;9;0;F;0.004072166;2.350125891;2;0
1;9;0;G;0.004072166;2.350125891;2;0
1;9;1;A;0.005262541;1.849936308;0;71
1;9;1;B;0.005262541;1.849936308;2;0
1;9;1;C;0.005262541;1.849936308;2;0
1;9;1;D;0.005262541;1.849936308;2;0
1;9;1;E;0.005262541;1.849936308;2;0
1;9;1;F;0.005262541;1.849936308;2;0
1;9;1;G;0.005262541;1.849936308;2;0
1;9;2;A;0.004072166;2.350125891;5;0
1;9;2;B;0.004072166;2.350125891;5;0
1;9;2;C;0.004072166;2.350125891;5;0
1;9;2;D;0.004072166;2.350125891;5;0
1;9;2;E;0.004072166;2.350125891;5;0
1;9;2;F;0.004072166;2.350125891;5;0
1;9;2;G;0.004072166;2.350125891;5;0
1;10;0;A;0.005268199;2.252468545;0;1660
1;10;0;B;0.005268199;2.252468545;2;0
1;10;0;C;0.005268199;2.252468545;2;0
1;10;0;D;0.005268199;2.252468545;2;0
1;10;0;E;0.005268199;2.252468545;2;0
1;10;0;F;0.005268199;2.252468545;2;0
1;10;0;G;0.005268199;2.252468545;2;0
1;10;1;A;0.006951409;1.900262186;0;104
1;10;1;B;0.006951409;1.900262186;2;0
1;10;1;C;0.006951409;1.900262186;2;0
1;10;1;D;0.006951409;1.900262186;2;0
1;10;1;E;0.006951409;1.900262186;2;0
1;10;1;F;0.006951409;1.900262186;2;0
1;10;1;G;0.006951409;1.900262186;2;0
1;10;2;A;0.005268199;2.252468545;5;0
1;10;2;B;0.005268199;2.252468545;5;0
1;10;2;C;0.005268199;2.252468545;5;0
1;10;2;D;0.005268199;2.252468545;5;0
1;10;2;E;0.005268199;2.252468545;5;0
1;10;2;F;0.005268199;2.252468545;5;0
1;10;2;G;0.005268199;2.252468545;5;0
2;0;0;A;0.004994384;1.949357535;3;0
2;0;0;B;0.004994384;1.949357535;3;0
2;0;0;C;0.004994384;1.949357535;0;113
2;0;0;D;0.007052949;1.735633594;0;186
2;0;0;E;0.004020067;1.913479665;0;108
2;0;0;F;0.005736487;1.973248012;0;168
2;0;0;G;0.00530505;1.82778959;0;246
2;0;1;A;0.004603849;1.511473725;3;0
2;0;1;B;0.004603849;1.511473725;3;0
2;0;1;C;0.004603849;1.511473725;3;0
2;0;1;D;0.004603849;1.511473725;3;0
2;0;1;E;0.004603849;1.511473725;0;50
2;0;1;F;0.004114249;1.578200655;1;0
2;0;1;G;0.00362465;1.644927584;0;104
2;0;2;A;0.009937347;1.061297341;0;238
2;0;2;B;0.003495347;1.478809115;0;225
2;0;2;C;0.004951804;1.395627545;0;473
2;0;2;D;0.007586575;1.178753063;0;631
2;0;2;E;0.005073497;1.408852304;0;535
2;0;2;F;0.00727678;1.209489902;0;401
2;0;2;G;0.004966386;1.282702979;0;409
2;1;0;A;0.007817483;1.579001619;3;0
2;1;0;B;0.007817483;1.579001619;3;0
2;1;0;C;0.007817483;1.579001619;0;78
2;1;0;D;0.010521399;1.28730949;0;115
2;1;0;E;0.008439436;1.298879279;0;77
2;1;0;F;0.009918145;1.311275518;0;126
2;1;0;G;0.008394618;1.523265054;0;176
2;1;1;A;0.008757806;1.196000783;3;0
2;1;1;B;0.008757806;1.196000783;3;0
2;1;1;C;0.008757806;1.196000783;3;0
2;1;1;D;0.008757806;1.196000783;3;0
2;1;1;E;0.008757806;1.196000783;3;0
2;1;1;F;0.008757806;1.196000783;3;0
2;1;1;G;0.008757806;1.196000783;0;52
2;1;2;A;0.011093891;0.747200307;0;85
2;1;2;B;0.007324241;1.160979135;0;74
2;1;2;C;0.015427053;0.578017283;0;237
2;1;2;D;0.005537246;1.412012817;0;305
2;1;2;E;0;3;0;252
2;1;2;F;0.004014771;1.404844749;0;148
2;1;2;G;0.009814537;0.847550362;0;167
2;2;0;A;0.004909905;1.834726323;3;0
2;2;0;B;0.004909905;1.834726323;3;0
2;2;0;C;0.004909905;1.834726323;0;169
2;2;0;D;0.005731358;1.723085089;0;135
2;2;0;E;0.008182132;1.545232954;0;314
2;2;0;F;0.009418965;1.378059977;0;152
2;2;0;G;0.008956458;1.373930499;0;98
2;2;1;A;0.014912268;0.374638633;3;0
2;2;1;B;0.014912268;0.374638633;3;0
2;2;1;C;0.014912268;0.374638633;3;0
2;2;1;D;0.014912268;0.374638633;3;0
2;2;1;E;0.014912268;0.374638633;0;127
2;2;1;F;0.00589472;1.290495051;0;115
2;2;1;G;0.012186106;0.589019937;0;110
2;2;2;A;0.009209921;1.122933796;0;1369
2;2;2;B;0.009422642;1.016201047;0;1138
2;2;2;C;0.007050098;1.288874583;0;3578
2;2;2;D;0.007225055;1.252744914;0;3608
2;2;2;E;0.008608501;1.086610387;0;3547
2;2;2;F;0.00520582;1.336407099;0;1848
2;2;2;G;0.005009943;1.218144198;0;1170
2;3;0;A;0.007153783;1.585069744;3;0
2;3;0;B;0.007153783;1.585069744;3;0
2;3;0;C;0.007153783;1.585069744;0;120
2;3;0;D;0.008564609;1.446587739;0;229
2;3;0;E;0.010617419;1.031671973;0;63
2;3;0;F;0.010617419;1.031671973;2;0
2;3;0;G;0.010617419;1.031671973;2;0
2;3;1;A;0.014930556;0.333352987;3;0
2;3;1;B;0.014930556;0.333352987;3;0
2;3;1;C;0.014930556;0.333352987;0;53
2;3;1;D;0.015560378;0.112331583;0;93
2;3;1;E;0.015560378;0.112331583;2;0
2;3;1;F;0.015560378;0.112331583;2;0
2;3;1;G;0.015560378;0.112331583;2;0
2;3;2;A;0.00893158;1.007711838;0;827
2;3;2;B;0.014412919;0.55533182;0;789
2;3;2;C;0.014847872;0.347513702;0;2196
2;3;2;D;0.013778198;0.467817385;0;1458
2;3;2;E;0.007451486;1.102829465;0;588
2;3;2;F;0.015923284;0.162326525;0;209
2;3;2;G;0;3;0;114
2;4;0;A;0.006379941;1.691496457;3;0
2;4;0;B;0.006379941;1.691496457;0;70
2;4;0;C;0.008453433;1.424996194;0;345
2;4;0;D;0.008453433;1.424996194;2;0
2;4;0;E;0.008453433;1.424996194;2;0
2;4;0;F;0.008453433;1.424996194;2;0
2;4;0;G;0.008453433;1.424996194;2;0
2;4;1;A;0.012520319;0.813285037;3;0
2;4;1;B;0.012520319;0.813285037;0;63
2;4;1;C;0.008129331;1.145279558;0;435
2;4;1;D;0.008129331;1.145279558;2;0
2;4;1;E;0.008129331;1.145279558;2;0
2;4;1;F;0.008129331;1.145279558;2;0
2;4;1;G;0.008129331;1.145279558;2;0
2;4;2;A;0.006027463;1.063677583;0;175
2;4;2;B;0.011971961;0.653199124;0;1388
2;4;2;C;0.011297624;0.639988879;0;3394
2;4;2;D;0.009159822;0.807370586;0;304
2;4;2;E;0.009027765;0.662692378;0;69
2;4;2;F;0.009027765;0.662692378;2;0
2;4;2;G;0.009027765;0.662692378;2;0
2;5;0;A;0.010197421;1.180493728;3;0
2;5;0;B;0.010197421;1.180493728;0;51
2;5;0;C;0.010197421;1.180493728;2;0
2;5;0;D;0.010197421;1.180493728;2;0
2;5;0;E;0.010197421;1.180493728;2;0
2;5;0;F;0.010197421;1.180493728;2;0
2;5;0;G;0.010197421;1.180493728;2;0
2;5;1;A;0.011956742;0.754073785;3;0
2;5;1;B;0.011956742;0.754073785;0;98
2;5;1;C;0.011956742;0.754073785;2;0
2;5;1;D;0.011956742;0.754073785;2;0
2;5;1;E;0.011956742;0.754073785;2;0
2;5;1;F;0.011956742;0.754073785;2;0
2;5;1;G;0.011956742;0.754073785;2;0
2;5;2;A;0.002720554;1.554278944;0;120
2;5;2;B;0.010344752;0.788507943;0;239
2;5;2;C;0.010344752;0.788507943;2;0
2;5;2;D;0.010344752;0.788507943;2;0
2;5;2;E;0.010344752;0.788507943;2;0
2;5;2;F;0.010344752;0.788507943;2;0
2;5;2;G;0.010344752;0.788507943;2;0
2;6;0;A;0;3;5;0
2;6;0;B;0.003314081;1.468624491;5;0
2;6;0;C;0.003314081;1.468624491;5;0
2;6;0;D;0.003314081;1.468624491;5;0
2;6;0;E;0.003314081;1.468624491;5;0
2;6;0;F;0.003314081;1.468624491;5;0
2;6;0;G;0.003314081;1.468624491;5;0
2;6;1;A;0.001245876;2.090270769;3;0
2;6;1;B;0.001245876;2.090270769;0;97
2;6;1;C;0.001245876;2.090270769;2;0
2;6;1;D;0.001245876;2.090270769;2;0
2;6;1;E;0.001245876;2.090270769;2;0
2;6;1;F;0.001245876;2.090270769;2;0
2;6;1;G;0.001245876;2.090270769;2;0
2;6;2;A;0;3;0;69
2;6;2;B;0.003314081;1.468624491;0;97
2;6;2;C;0.003314081;1.468624491;2;0
2;6;2;D;0.003314081;1.468624491;2;0
2;6;2;E;0.003314081;1.468624491;2;0
2;6;2;F;0.003314081;1.468624491;2;0
2;6;2;G;0.003314081;1.468624491;2;0
2;7;0;A;0.013652434;0.860538482;0;61
2;7;0;B;0.013652434;0.860538482;2;0
2;7;0;C;0.013652434;0.860538482;2;0
2;7;0;D;0.013652434;0.860538482;2;0
2;7;0;E;0.013652434;0.860538482;2;0
2;7;0;F;0.013652434;0.860538482;2;0
2;7;0;G;0.013652434;0.860538482;2;0
2;7;1;A;0.013709534;0.407165967;0;103
2;7;1;B;0.013709534;0.407165967;2;0
2;7;1;C;0.013709534;0.407165967;2;0
2;7;1;D;0.013709534;0.407165967;2;0
2;7;1;E;0.013709534;0.407165967;2;0
2;7;1;F;0.013709534;0.407165967;2;0
2;7;1;G;0.013709534;0.407165967;2;0
2;7;2;A;0.012071279;0.419739842;0;634
2;7;2;B;0.012071279;0.419739842;2;0
2;7;2;C;0.012071279;0.419739842;2;0
2;7;2;D;0.012071279;0.419739842;2;0
2;7;2;E;0.012071279;0.419739842;2;0
2;7;2;F;0.012071279;0.419739842;2;0
2;7;2;G;0.012071279;0.419739842;2;0
2;8;0;A;0.01184233;0.953740932;0;85
2;8;0;B;0.01184233;0.953740932;2;0
2;8;0;C;0.01184233;0.953740932;2;0
2;8;0;D;0.01184233;0.953740932;2;0
2;8;0;E;0.01184233;0.953740932;2;0
2;8;0;F;0.01184233;0.953740932;2;0
2;8;0;G;0.01184233;0.953740932;2;0
2;8;1;A;0.015513905;0.27468964;0;206
2;8;1;B;0.015513905;0.27468964;2;0
2;8;1;C;0.015513905;0.27468964;2;0
2;8;1;D;0.015513905;0.27468964;2;0
2;8;1;E;0.015513905;0.27468964;2;0
2;8;1;F;0.015513905;0.27468964;2;0
2;8;1;G;0.015513905;0.27468964;2;0
2;8;2;A;0.004015906;1.544608699;0;883
2;8;2;B;0.004015906;1.544608699;2;0
2;8;2;C;0.004015906;1.544608699;2;0
2;8;2;D;0.004015906;1.544608699;2;0
2;8;2;E;0.004015906;1.544608699;2;0
2;8;2;F;0.004015906;1.544608699;2;0
2;8;2;G;0.004015906;1.544608699;2;0
2;9;0;A;0.014080609;1.078227136;0;90
2;9;0;B;0.014080609;1.078227136;2;0
2;9;0;C;0.014080609;1.078227136;2;0
2;9;0;D;0.014080609;1.078227136;2;0
2;9;0;E;0.014080609;1.078227136;2;0
2;9;0;F;0.014080609;1.078227136;2;0
2;9;0;G;0.014080609;1.078227136;2;0
2;9;1;A;0.013989039;0.523032984;0;131
2;9;1;B;0.013989039;0.523032984;2;0
2;9;1;C;0.013989039;0.523032984;2;0
2;9;1;D;0.013989039;0.523032984;2;0
2;9;1;E;0.013989039;0.523032984;2;0
2;9;1;F;0.013989039;0.523032984;2;0
2;9;1;G;0.013989039;0.523032984;2;0
2;9;2;A;0.009009305;1.166403702;0;354
2;9;2;B;0.009009305;1.166403702;2;0
2;9;2;C;0.009009305;1.166403702;2;0
2;9;2;D;0.009009305;1.166403702;2;0
2;9;2;E;0.009009305;1.166403702;2;0
2;9;2;F;0.009009305;1.166403702;2;0
2;9;2;G;0.009009305;1.166403702;2;0
2;10;0;A;0.01424056;1.062776214;0;1221
2;10;0;B;0.01424056;1.062776214;2;0
2;10;0;C;0.01424056;1.062776214;2;0
2;10;0;D;0.01424056;1.062776214;2;0
2;10;0;E;0.01424056;1.062776214;2;0
2;10;0;F;0.01424056;1.062776214;2;0
2;10;0;G;0.01424056;1.062776214;2;0
2;10;1;A;0.018837305;0.11970916;0;113
2;10;1;B;0.018837305;0.11970916;2;0
2;10;1;C;0.018837305;0.11970916;2;0
2;10;1;D;0.018837305;0.11970916;2;0
2;10;1;E;0.018837305;0.11970916;2;0
2;10;1;F;0.018837305;0.11970916;2;0
2;10;1;G;0.018837305;0.11970916;2;0
2;10;2;A;0.01551672;0.501615297;0;147
2;10;2;B;0.01551672;0.501615297;2;0
2;10;2;C;0.01551672;0.501615297;2;0
2;10;2;D;0.01551672;0.501615297;2;0
2;10;2;E;0.01551672;0.501615297;2;0
2;10;2;F;0.01551672;0.501615297;2;0
2;10;2;G;0.01551672;0.501615297;2;0
3;0;0;A;0.009271118;1.430773264;3;0
3;0;0;B;0.009271118;1.430773264;3;0
3;0;0;C;0.009271118;1.430773264;0;101
3;0;0;D;0.007872859;1.501304124;0;176
3;0;0;E;0.007344248;1.516625277;0;114
3;0;0;F;0.008569272;1.217573967;0;147
3;0;0;G;0.007875011;1.401975126;0;240
3;0;1;A;0.017240411;0.158844957;3;0
3;0;1;B;0.017240411;0.158844957;3;0
3;0;1;C;0.017240411;0.158844957;3;0
3;0;1;D;0.017240411;0.158844957;0;58
3;0;1;E;0.001515364;1.901446932;0;66
3;0;1;F;0.009349057;1.143524635;0;63
3;0;1;G;0.013392696;0.625766302;0;149
3;0;2;A;0.011967012;0.962460082;0;797
3;0;2;B;0.006735507;1.283115819;0;644
3;0;2;C;0.005670261;1.357088972;0;958
3;0;2;D;0.004872987;1.452736933;0;1553
3;0;2;E;0.006313455;1.29321268;0;991
3;0;2;F;0.010719247;0.892108072;0;893
3;0;2;G;0.007335574;1.176024654;0;888
3;1;0;A;0.012411167;1.183965859;3;0
3;1;0;B;0.012411167;1.183965859;3;0
3;1;0;C;0.012411167;1.183965859;0;55
3;1;0;D;0.008794934;1.680269899;0;103
3;1;0;E;0.009242917;1.354045109;0;66
3;1;0;F;0.007656593;1.741915419;0;101
3;1;0;G;0.009107449;1.7158771;0;133
3;1;1;A;0.005752982;1.408154859;3;0
3;1;1;B;0.005752982;1.408154859;3;0
3;1;1;C;0.005752982;1.408154859;3;0
3;1;1;D;0.005752982;1.408154859;3;0
3;1;1;E;0.005752982;1.408154859;3;0
3;1;1;F;0.005752982;1.408154859;3;0
3;1;1;G;0.005752982;1.408154859;0;76
3;1;2;A;0.010230935;0.943252172;0;258
3;1;2;B;0.006587514;1.473531977;0;198
3;1;2;C;0.005529635;1.350566236;0;596
3;1;2;D;0.007653469;1.291391582;0;881
3;1;2;E;0.004943934;1.45191429;0;528
3;1;2;F;0.010031497;1.099584665;0;317
3;1;2;G;0.006235294;1.171468769;0;320
3;2;0;A;0.006994851;1.593250875;3;0
3;2;0;B;0.006994851;1.593250875;3;0
3;2;0;C;0.006994851;1.593250875;0;233
3;2;0;D;0.002444128;2.340397596;0;223
3;2;0;E;0.008458052;1.733384509;0;335
3;2;0;F;0.003574068;2.036551543;0;161
3;2;0;G;0.009445358;1.310160268;0;133
3;2;1;A;0.02137176;0.06081458;3;0
3;2;1;B;0.02137176;0.06081458;3;0
3;2;1;C;0.02137176;0.06081458;0;112
3;2;1;D;0.021070232;0.127179032;0;136
3;2;1;E;0.010827441;0.955691564;0;162
3;2;1;F;0.005417305;1.363683459;0;139
3;2;1;G;0.00731093;1.08321558;0;118
3;2;2;A;0.008871615;1.34419382;0;3736
3;2;2;B;0.007190933;1.475334373;0;2835
3;2;2;C;0.009297314;1.262561972;0;9086
3;2;2;D;0.008888582;1.266844371;0;7694
3;2;2;E;0.008646745;1.24705373;0;5832
3;2;2;F;0.007727247;1.345883388;0;2885
3;2;2;G;0.005123114;1.456302147;0;1560
3;3;0;A;0.002395502;2.318546613;3;0
3;3;0;B;0.002395502;2.318546613;0;69
3;3;0;C;0.01277685;1.129846013;0;430
3;3;0;D;0.009788975;1.552563548;0;443
3;3;0;E;0.009394315;1.522468288;0;156
3;3;0;F;0.009394315;1.522468288;2;0
3;3;0;G;0.009394315;1.522468288;2;0
3;3;1;A;0.021291794;-0.436061465;0;114
3;3;1;B;0.004184235;1.690706182;0;133
3;3;1;C;0.00776871;1.272351072;0;1232
3;3;1;D;0.007042249;1.287402327;0;651
3;3;1;E;0.00994146;0.824997555;0;349
3;3;1;F;0.010542383;0.608723436;0;72
3;3;1;G;0.010542383;0.608723436;2;0
3;3;2;A;0.014972305;0.618143242;0;4723
3;3;2;B;0.013552193;0.726277879;0;4186
3;3;2;C;0.014153674;0.630251342;0;15208
3;3;2;D;0.013526555;0.712479434;0;7941
3;3;2;E;0.013784162;0.638011274;0;3130
3;3;2;F;0.017707089;0.219092124;0;931
3;3;2;G;0.009792941;0.944833111;0;301
3;4;0;A;0.00642559;1.629504244;3;0
3;4;0;B;0.00642559;1.629504244;0;159
3;4;0;C;0.009195038;1.49098605;0;805
3;4;0;D;0.012880092;1.213358665;0;181
3;4;0;E;0.012880092;1.213358665;2;0
3;4;0;F;0.012880092;1.213358665;2;0
3;4;0;G;0.012880092;1.213358665;2;0
3;4;1;A;0.007851765;1.636434728;0;78
3;4;1;B;0.010952321;0.982911588;0;695
3;4;1;C;0.007919533;1.252077052;0;4070
3;4;1;D;0.006585975;1.279203407;0;617
3;4;1;E;0.010131537;0.797198354;0;97
3;4;1;F;0.010131537;0.797198354;2;0
3;4;1;G;0.010131537;0.797198354;2;0
3;4;2;A;0.014029461;0.536283987;0;1524
3;4;2;B;0.016162421;0.377208139;0;9111
3;4;2;C;0.01600135;0.383482246;0;24878
3;4;2;D;0.015272276;0.479382578;0;3753
3;4;2;E;0.013769517;0.482863298;0;378
3;4;2;F;0.013769517;0.482863298;2;0
3;4;2;G;0.013769517;0.482863298;2;0
3;5;0;A;0.007708955;1.621323806;3;0
3;5;0;B;0.007708955;1.621323806;0;71
3;5;0;C;0.007708955;1.621323806;2;0
3;5;0;D;0.007708955;1.621323806;2;0
3;5;0;E;0.007708955;1.621323806;2;0
3;5;0;F;0.007708955;1.621323806;2;0
3;5;0;G;0.007708955;1.621323806;2;0
3;5;1;A;0.008775473;1.170625099;3;0
3;5;1;B;0.008775473;1.170625099;0;340
3;5;1;C;0.010492611;0.625270936;0;65
3;5;1;D;0.010492611;0.625270936;2;0
3;5;1;E;0.010492611;0.625270936;2;0
3;5;1;F;0.010492611;0.625270936;2;0
3;5;1;G;0.010492611;0.625270936;2;0
3;5;2;A;0.008057962;1.104847885;0;719
3;5;2;B;0.017055708;0.321140091;0;2229
3;5;2;C;0.010519242;0.786642383;0;232
3;5;2;D;0.010519242;0.786642383;2;0
3;5;2;E;0.010519242;0.786642383;2;0
3;5;2;F;0.010519242;0.786642383;2;0
3;5;2;G;0.010519242;0.786642383;2;0
3;6;0;A;0.010737228;1.346358234;3;0
3;6;0;B;0.010737228;1.346358234;0;60
3;6;0;C;0.010737228;1.346358234;2;0
3;6;0;D;0.010737228;1.346358234;2;0
3;6;0;E;0.010737228;1.346358234;2;0
3;6;0;F;0.010737228;1.346358234;2;0
3;6;0;G;0.010737228;1.346358234;2;0
3;6;1;A;0.019381721;0.176520627;0;70
3;6;1;B;0.01576947;0.408738993;0;152
3;6;1;C;0.01576947;0.408738993;2;0
3;6;1;D;0.01576947;0.408738993;2;0
3;6;1;E;0.01576947;0.408738993;2;0
3;6;1;F;0.01576947;0.408738993;2;0
3;6;1;G;0.01576947;0.408738993;2;0
3;6;2;A;0.01223063;0.714106609;0;707
3;6;2;B;0.01575318;0.353789099;0;843
3;6;2;C;0.013679886;0.586304446;0;85
3;6;2;D;0.013679886;0.586304446;2;0
3;6;2;E;0.013679886;0.586304446;2;0
3;6;2;F;0.013679886;0.586304446;2;0
3;6;2;G;0.013679886;0.586304446;2;0
3;7;0;A;0.003388705;2.449308347;0;86
3;7;0;B;0.003388705;2.449308347;2;0
3;7;0;C;0.003388705;2.449308347;2;0
3;7;0;D;0.003388705;2.449308347;2;0
3;7;0;E;0.003388705;2.449308347;2;0
3;7;0;F;0.003388705;2.449308347;2;0
3;7;0;G;0.003388705;2.449308347;2;0
3;7;1;A;0.0029404;2.305947837;0;153
3;7;1;B;0.0029404;2.305947837;2;0
3;7;1;C;0.0029404;2.305947837;2;0
3;7;1;D;0.0029404;2.305947837;2;0
3;7;1;E;0.0029404;2.305947837;2;0
3;7;1;F;0.0029404;2.305947837;2;0
3;7;1;G;0.0029404;2.305947837;2;0
3;7;2;A;0.009318384;1.197908689;0;1712
3;7;2;B;0.011110378;0.931155161;0;182
3;7;2;C;0.011110378;0.931155161;2;0
3;7;2;D;0.011110378;0.931155161;2;0
3;7;2;E;0.011110378;0.931155161;2;0
3;7;2;F;0.011110378;0.931155161;2;0
3;7;2;G;0.011110378;0.931155161;2;0
3;8;0;A;0.009500553;1.215966051;0;149
3;8;0;B;0.009500553;1.215966051;2;0
3;8;0;C;0.009500553;1.215966051;2;0
3;8;0;D;0.009500553;1.215966051;2;0
3;8;0;E;0.009500553;1.215966051;2;0
3;8;0;F;0.009500553;1.215966051;2;0
3;8;0;G;0.009500553;1.215966051;2;0
3;8;1;A;0.008478157;1.273658853;0;217
3;8;1;B;0.008478157;1.273658853;2;0
3;8;1;C;0.008478157;1.273658853;2;0
3;8;1;D;0.008478157;1.273658853;2;0
3;8;1;E;0.008478157;1.273658853;2;0
3;8;1;F;0.008478157;1.273658853;2;0
3;8;1;G;0.008478157;1.273658853;2;0
3;8;2;A;0.009771882;1.179890042;0;2371
3;8;2;B;0.009771882;1.179890042;2;0
3;8;2;C;0.009771882;1.179890042;2;0
3;8;2;D;0.009771882;1.179890042;2;0
3;8;2;E;0.009771882;1.179890042;2;0
3;8;2;F;0.009771882;1.179890042;2;0
3;8;2;G;0.009771882;1.179890042;2;0
3;9;0;A;0.013049011;1.256399144;0;152
3;9;0;B;0.013049011;1.256399144;2;0
3;9;0;C;0.013049011;1.256399144;2;0
3;9;0;D;0.013049011;1.256399144;2;0
3;9;0;E;0.013049011;1.256399144;2;0
3;9;0;F;0.013049011;1.256399144;2;0
3;9;0;G;0.013049011;1.256399144;2;0
3;9;1;A;0.011795619;1.255219681;0;411
3;9;1;B;0.011795619;1.255219681;2;0
3;9;1;C;0.011795619;1.255219681;2;0
3;9;1;D;0.011795619;1.255219681;2;0
3;9;1;E;0.011795619;1.255219681;2;0
3;9;1;F;0.011795619;1.255219681;2;0
3;9;1;G;0.011795619;1.255219681;2;0
3;9;2;A;0.010098673;1.30481761;0;1248
3;9;2;B;0.010098673;1.30481761;2;0
3;9;2;C;0.010098673;1.30481761;2;0
3;9;2;D;0.010098673;1.30481761;2;0
3;9;2;E;0.010098673;1.30481761;2;0
3;9;2;F;0.010098673;1.30481761;2;0
3;9;2;G;0.010098673;1.30481761;2;0
3;10;0;A;0.015093684;0.917742313;0;2336
3;10;0;B;0.015093684;0.917742313;2;0
3;10;0;C;0.015093684;0.917742313;2;0
3;10;0;D;0.015093684;0.917742313;2;0
3;10;0;E;0.015093684;0.917742313;2;0
3;10;0;F;0.015093684;0.917742313;2;0
3;10;0;G;0.015093684;0.917742313;2;0
3;10;1;A;0.014077399;0.910155903;0;572
3;10;1;B;0.014077399;0.910155903;2;0
3;10;1;C;0.014077399;0.910155903;2;0
3;10;1;D;0.014077399;0.910155903;2;0
3;10;1;E;0.014077399;0.910155903;2;0
3;10;1;F;0.014077399;0.910155903;2;0
3;10;1;G;0.014077399;0.910155903;2;0
3;10;2;A;0.020990865;0.236088979;0;743
3;10;2;B;0.020990865;0.236088979;2;0
3;10;2;C;0.020990865;0.236088979;2;0
3;10;2;D;0.020990865;0.236088979;2;0
3;10;2;E;0.020990865;0.236088979;2;0
3;10;2;F;0.020990865;0.236088979;2;0
3;10;2;G;0.020990865;0.236088979;2;0
4;0;0;A;0.009174159;1.349642808;0;110
4;0;0;B;0.008713114;1.48036972;0;89
4;0;0;C;0.006595342;1.673443649;0;501
4;0;0;D;0.007997708;1.51941558;0;365
4;0;0;E;0.009229631;1.387377279;0;412
4;0;0;F;0.008633491;1.51905231;0;497
4;0;0;G;0.007432038;1.464309323;0;345
4;0;1;A;0.010281828;1.140450452;0;89
4;0;1;B;0.009098606;1.656100721;0;105
4;0;1;C;0.009720839;1.188651894;0;305
4;0;1;D;0.010436403;0.88057966;0;328
4;0;1;E;0.009730027;1.208616157;0;297
4;0;1;F;0.01085652;1.02341404;0;413
4;0;1;G;0.008733719;1.065727008;0;372
4;0;2;A;0.011313428;1.104468814;0;2691
4;0;2;B;0.013564435;0.868152496;0;1651
4;0;2;C;0.007228695;1.29021789;0;4407
4;0;2;D;0.008843003;1.117886353;0;3903
4;0;2;E;0.007599099;1.182525283;0;3102
4;0;2;F;0.005238819;1.39253593;0;1833
4;0;2;G;0.005518964;1.296201338;0;973
4;1;0;A;0.009627246;1.485293538;3;0
4;1;0;B;0.009627246;1.485293538;3;0
4;1;0;C;0.009627246;1.485293538;0;241
4;1;0;D;0.007094015;1.751173267;0;192
4;1;0;E;0.008371156;1.66843079;0;225
4;1;0;F;0.00780065;1.828431968;0;248
4;1;0;G;0.00917221;1.609302369;0;202
4;1;1;A;0.00958842;1.386312262;3;0
4;1;1;B;0.00958842;1.386312262;3;0
4;1;1;C;0.00958842;1.386312262;0;50
4;1;1;D;0.010590028;1.324912865;0;82
4;1;1;E;0.014772296;0.791010384;0;144
4;1;1;F;0.010945051;1.10201904;0;181
4;1;1;G;0.011856696;0.907501231;0;137
4;1;2;A;0.01019169;1.173016958;0;1180
4;1;2;B;0.00917387;1.242086654;0;454
4;1;2;C;0.009550849;1.189236129;0;2444
4;1;2;D;0.008055923;1.264447464;0;2571
4;1;2;E;0.009177257;1.087344852;0;1457
4;1;2;F;0.010500616;0.969859252;0;959
4;1;2;G;0.005480005;1.176425353;0;345
4;2;0;A;0.014613268;0.82692539;0;96
4;2;0;B;0;2;0;87
4;2;0;C;0.010961434;1.418060906;0;515
4;2;0;D;0.00493888;2.056691272;0;588
4;2;0;E;0.005743778;1.915237921;0;578
4;2;0;F;0.005467947;1.822076564;0;188
4;2;0;G;0.014375638;0.836359787;0;179
4;2;1;A;0.002276102;2.120378906;3;0
4;2;1;B;0.002276102;2.120378906;0;128
4;2;1;C;0.009499655;1.138375967;0;356
4;2;1;D;0.008693977;1.270686995;0;359
4;2;1;E;0.007784006;1.232305286;0;504
4;2;1;F;0.008032954;1.250383999;0;150
4;2;1;G;0.010348632;0.768775342;0;200
4;2;2;A;0.009714386;1.305578059;0;10863
4;2;2;B;0.011379938;1.192146362;0;7005
4;2;2;C;0.008381831;1.410244412;0;21249
4;2;2;D;0.010164469;1.202177135;0;17053
4;2;2;E;0.009208444;1.299363659;0;9902
4;2;2;F;0.008081826;1.307303445;0;3061
4;2;2;G;0.008193494;1.012404083;0;1632
4;3;0;A;0.015848762;0.742223571;0;94
4;3;0;B;0.014034576;0.833452376;0;180
4;3;0;C;0.008091229;1.657941449;0;1157
4;3;0;D;0.009392942;1.63295689;0;702
4;3;0;E;0.007376573;1.732230865;0;148
4;3;0;F;0.007376573;1.732230865;2;0
4;3;0;G;0.007376573;1.732230865;2;0
4;3;1;A;0.002724858;1.873512011;0;380
4;3;1;B;0.003603284;1.912141647;0;373
4;3;1;C;0.009545838;1.064401149;0;3768
4;3;1;D;0.006497827;1.273700949;0;1476
4;3;1;E;0.01376721;0.318618033;0;349
4;3;1;F;0.007561381;1.066246378;0;73
4;3;1;G;0.007561381;1.066246378;2;0
4;3;2;A;0.012595614;0.932270821;0;12767
4;3;2;B;0.014293867;0.709046428;0;10269
4;3;2;C;0.013113809;0.842303828;0;34411
4;3;2;D;0.012778659;0.841681951;0;12579
4;3;2;E;0.016575063;0.428732434;0;3728
4;3;2;F;0.01233226;0.639688582;0;705
4;3;2;G;0.012313637;0.553035045;0;275
4;4;0;A;0.020262717;0.205701509;0;91
4;4;0;B;0.010886527;1.319251939;0;569
4;4;0;C;0.008107073;1.63971531;0;1810
4;4;0;D;0.01237668;1.090824732;0;297
4;4;0;E;0.01237668;1.090824732;2;0
4;4;0;F;0.01237668;1.090824732;2;0
4;4;0;G;0.01237668;1.090824732;2;0
4;4;1;A;0.004676741;1.898192263;0;475
4;4;1;B;0.008451497;1.343186142;0;3259
4;4;1;C;0.00790597;1.267078656;0;8135
4;4;1;D;0.008570307;1.027353111;0;1000
4;4;1;E;0.011427974;0.543048209;0;136
4;4;1;F;0.011427974;0.543048209;2;0
4;4;1;G;0.011427974;0.543048209;2;0
4;4;2;A;0.017699439;0.317157287;0;7331
4;4;2;B;0.017899259;0.289539732;0;27572
4;4;2;C;0.015684409;0.517594418;0;46645
4;4;2;D;0.012560339;0.807041287;0;4180
4;4;2;E;0.008043929;1.015485108;0;267
4;4;2;F;0.008043929;1.015485108;2;0
4;4;2;G;0.008043929;1.015485108;2;0
4;5;0;A;0.005249041;1.858882774;0;68
4;5;0;B;0.010197821;1.507005718;0;218
4;5;0;C;0.010197821;1.507005718;2;0
4;5;0;D;0.010197821;1.507005718;2;0
4;5;0;E;0.010197821;1.507005718;2;0
4;5;0;F;0.010197821;1.507005718;2;0
4;5;0;G;0.010197821;1.507005718;2;0
4;5;1;A;0;2;0;197
4;5;1;B;0.007051329;1.416998897;0;903
4;5;1;C;0.006364689;1.376714009;0;117
4;5;1;D;0.006364689;1.376714009;2;0
4;5;1;E;0.006364689;1.376714009;2;0
4;5;1;F;0.006364689;1.376714009;2;0
4;5;1;G;0.006364689;1.376714009;2;0
4;5;2;A;0.016577289;0.435454713;0;2880
4;5;2;B;0.021968286;-0.001855672;0;5004
4;5;2;C;0.013353355;0.844303874;0;332
4;5;2;D;0.013353355;0.844303874;2;0
4;5;2;E;0.013353355;0.844303874;2;0
4;5;2;F;0.013353355;0.844303874;2;0
4;5;2;G;0.013353355;0.844303874;2;0
4;6;0;A;0.012340952;0.921562926;0;85
4;6;0;B;0.017475448;0.361423984;0;198
4;6;0;C;0.017475448;0.361423984;2;0
4;6;0;D;0.017475448;0.361423984;2;0
4;6;0;E;0.017475448;0.361423984;2;0
4;6;0;F;0.017475448;0.361423984;2;0
4;6;0;G;0.017475448;0.361423984;2;0
4;6;1;A;0.005350463;1.993086039;0;339
4;6;1;B;0.011610156;0.924288877;0;331
4;6;1;C;0.011610156;0.924288877;2;0
4;6;1;D;0.011610156;0.924288877;2;0
4;6;1;E;0.011610156;0.924288877;2;0
4;6;1;F;0.011610156;0.924288877;2;0
4;6;1;G;0.011610156;0.924288877;2;0
4;6;2;A;0.015859329;0.554975159;0;3222
4;6;2;B;0.011265672;1.113720663;0;1965
4;6;2;C;0.015180942;0.714117361;0;163
4;6;2;D;0.015180942;0.714117361;2;0
4;6;2;E;0.015180942;0.714117361;2;0
4;6;2;F;0.015180942;0.714117361;2;0
4;6;2;G;0.015180942;0.714117361;2;0
4;7;0;A;0.008384424;1.686091699;0;338
4;7;0;B;0.008384424;1.686091699;2;0
4;7;0;C;0.008384424;1.686091699;2;0
4;7;0;D;0.008384424;1.686091699;2;0
4;7;0;E;0.008384424;1.686091699;2;0
4;7;0;F;0.008384424;1.686091699;2;0
4;7;0;G;0.008384424;1.686091699;2;0
4;7;1;A;0.004417187;2.095094689;0;545
4;7;1;B;0.004417187;2.095094689;2;0
4;7;1;C;0.004417187;2.095094689;2;0
4;7;1;D;0.004417187;2.095094689;2;0
4;7;1;E;0.004417187;2.095094689;2;0
4;7;1;F;0.004417187;2.095094689;2;0
4;7;1;G;0.004417187;2.095094689;2;0
4;7;2;A;0.008337428;1.487001617;0;6143
4;7;2;B;0.013064475;0.875129712;0;378
4;7;2;C;0.003803644;1.636685348;1;0
4;7;2;D;0;2;0;59
4;7;2;E;0;2;2;0
4;7;2;F;0;2;2;0
4;7;2;G;0;2;2;0
4;8;0;A;0.010750989;1.347811596;0;462
4;8;0;B;0.010750989;1.347811596;2;0
4;8;0;C;0.010750989;1.347811596;2;0
4;8;0;D;0.010750989;1.347811596;2;0
4;8;0;E;0.010750989;1.347811596;2;0
4;8;0;F;0.010750989;1.347811596;2;0
4;8;0;G;0.010750989;1.347811596;2;0
4;8;1;A;0.011976821;1.067126312;0;706
4;8;1;B;0.011976821;1.067126312;2;0
4;8;1;C;0.011976821;1.067126312;2;0
4;8;1;D;0.011976821;1.067126312;2;0
4;8;1;E;0.011976821;1.067126312;2;0
4;8;1;F;0.011976821;1.067126312;2;0
4;8;1;G;0.011976821;1.067126312;2;0
4;8;2;A;0.008579318;1.521125712;0;6460
4;8;2;B;0.025914097;-0.092357491;0;53
4;8;2;C;0.025914097;-0.092357491;2;0
4;8;2;D;0.025914097;-0.092357491;2;0
4;8;2;E;0.025914097;-0.092357491;2;0
4;8;2;F;0.025914097;-0.092357491;2;0
4;8;2;G;0.025914097;-0.092357491;2;0
4;9;0;A;0.01137005;1.369514348;0;442
4;9;0;B;0.01137005;1.369514348;2;0
4;9;0;C;0.01137005;1.369514348;2;0
4;9;0;D;0.01137005;1.369514348;2;0
4;9;0;E;0.01137005;1.369514348;2;0
4;9;0;F;0.01137005;1.369514348;2;0
4;9;0;G;0.01137005;1.369514348;2;0
4;9;1;A;0.006912143;1.755778892;0;1295
4;9;1;B;0.006912143;1.755778892;2;0
4;9;1;C;0.006912143;1.755778892;2;0
4;9;1;D;0.006912143;1.755778892;2;0
4;9;1;E;0.006912143;1.755778892;2;0
4;9;1;F;0.006912143;1.755778892;2;0
4;9;1;G;0.006912143;1.755778892;2;0
4;9;2;A;0.016093097;0.793614723;0;3045
4;9;2;B;0.038252884;-1.466974796;1;0
4;9;2;C;0.060412671;-3.727564315;0;67
4;9;2;D;0.060412671;-3.727564315;2;0
4;9;2;E;0.060412671;-3.727564315;2;0
4;9;2;F;0.060412671;-3.727564315;2;0
4;9;2;G;0.060412671;-3.727564315;2;0
4;10;0;A;0.014314316;1.01794282;0;5763
4;10;0;B;0.014314316;1.01794282;2;0
4;10;0;C;0.014314316;1.01794282;2;0
4;10;0;D;0.014314316;1.01794282;2;0
4;10;0;E;0.014314316;1.01794282;2;0
4;10;0;F;0.014314316;1.01794282;2;0
4;10;0;G;0.014314316;1.01794282;2;0
4;10;1;A;0.015218695;0.824436582;0;1426
4;10;1;B;0.015218695;0.824436582;2;0
4;10;1;C;0.015218695;0.824436582;2;0
4;10;1;D;0.015218695;0.824436582;2;0
4;10;1;E;0.015218695;0.824436582;2;0
4;10;1;F;0.015218695;0.824436582;2;0
4;10;1;G;0.015218695;0.824436582;2;0
4;10;2;A;0.019320821;0.452758658;0;1681
4;10;2;B;0.019320821;0.452758658;2;0
4;10;2;C;0.019320821;0.452758658;2;0
4;10;2;D;0.019320821;0.452758658;2;0
4;10;2;E;0.019320821;0.452758658;2;0
4;10;2;F;0.019320821;0.452758658;2;0
4;10;2;G;0.019320821;0.452758658;2;0
5;0;0;A;0.011708841;0.898051588;0;608
5;0;0;B;0.011209581;0.946427473;0;325
5;0;0;C;0.010679693;1.09462811;0;714
5;0;0;D;0.008384171;1.259285124;0;525
5;0;0;E;0.010272883;1.229595582;0;311
5;0;0;F;0.005873865;1.599515916;0;271
5;0;0;G;0.007707023;1.451530231;0;180
5;0;1;A;0.011250214;0.971759276;0;1199
5;0;1;B;0.008360759;1.206896433;0;1002
5;0;1;C;0.010620603;1.045830116;0;2344
5;0;1;D;0.011123917;1.017851285;0;2001
5;0;1;E;0.011608514;1.018536514;0;1309
5;0;1;F;0.010241785;1.09116504;0;972
5;0;1;G;0.007571628;1.244345409;0;923
5;0;2;A;0.016423793;0.546816802;0;2258
5;0;2;B;0.016966551;0.574366149;0;3237
5;0;2;C;0.011708207;0.910947889;0;6223
5;0;2;D;0.01241268;0.922720375;0;2950
5;0;2;E;0.013265297;0.92579625;0;1670
5;0;2;F;0.015554048;0.918598028;0;1105
5;0;2;G;0.01023732;1.030827899;0;622
5;1;0;A;0.012481063;0.921169793;0;197
5;1;0;B;0.013422031;0.953293365;0;124
5;1;0;C;0.011718499;1.18598381;0;295
5;1;0;D;0.014573673;1.035891602;0;281
5;1;0;E;0.009515154;1.432655319;0;201
5;1;0;F;0.011096857;1.223434003;0;152
5;1;0;G;0.005162756;1.499854132;0;112
5;1;1;A;0.008331733;1.301979547;0;351
5;1;1;B;0.016401471;1.030659077;0;465
5;1;1;C;0.008764417;1.335373296;0;1106
5;1;1;D;0.008755221;1.35150507;0;1261
5;1;1;E;0.009548462;1.286090028;0;844
5;1;1;F;0.008105872;1.346430588;0;777
5;1;1;G;0.007478309;1.308253001;0;708
5;1;2;A;0.006566817;1.088949243;0;571
5;1;2;B;0.014021169;0.685908336;0;607
5;1;2;C;0.01070469;0.880755385;0;1673
5;1;2;D;0.010829734;0.963864437;0;1221
5;1;2;E;0.014341622;0.786599063;0;622
5;1;2;F;0.020841628;0.330361842;0;436
5;1;2;G;0.007917531;1.116347404;0;247
5;2;0;A;0.007948623;0.962255017;0;143
5;2;0;B;0.007030455;1.192892148;0;108
5;2;0;C;0.010123175;1.103098903;0;392
5;2;0;D;0.012210057;0.911771177;0;370
5;2;0;E;0.004690612;1.419144515;0;226
5;2;0;F;0.008375936;1.238477702;0;71
5;2;0;G;0.010390948;1.00658772;0;59
5;2;1;A;0.013581014;0.727632845;0;397
5;2;1;B;0.006960438;1.016794212;0;515
5;2;1;C;0.007150192;1.212095079;0;1454
5;2;1;D;0.009849735;0.990872735;0;1083
5;2;1;E;0.013527857;0.812674644;0;786
5;2;1;F;0.009834814;0.975295195;0;352
5;2;1;G;0.005415435;1.318222605;0;333
5;2;2;A;0.008882696;1.003543474;0;6966
5;2;2;B;0.012500703;0.798207626;0;6037
5;2;2;C;0.011798752;0.861625272;0;20528
5;2;2;D;0.00905214;1.050111701;0;12975
5;2;2;E;0.008468005;1.117334805;0;6121
5;2;2;F;0.003577393;1.407115872;0;2180
5;2;2;G;0.005134774;1.182643502;0;1325
5;3;0;A;0.008391114;1.016518516;0;143
5;3;0;B;0.018560948;0.283675167;0;69
5;3;0;C;0.007271901;0.985282064;0;124
5;3;0;D;0.011302895;0.767612238;0;57
5;3;0;E;0.011302895;0.767612238;2;0
5;3;0;F;0.011302895;0.767612238;2;0
5;3;0;G;0.011302895;0.767612238;2;0
5;3;1;A;0.002117902;1.170492606;0;460
5;3;1;B;0.008283642;0.79004795;0;357
5;3;1;C;0.008820116;0.839036545;0;725
5;3;1;D;0.010675849;0.644058519;0;341
5;3;1;E;0.011266432;0.620890046;0;123
5;3;1;F;0.011266432;0.620890046;2;0
5;3;1;G;0.011266432;0.620890046;2;0
5;3;2;A;0.008048875;0.925679737;0;3418
5;3;2;B;0.010639183;0.662131499;0;4384
5;3;2;C;0.011270957;0.702559911;0;9470
5;3;2;D;0.011716441;0.715504907;0;3236
5;3;2;E;0.009790433;0.954690598;0;814
5;3;2;F;0.017471249;0.416398881;0;215
5;3;2;G;0.034818288;-0.589128566;0;75
5;4;0;A;0.009639011;0.827016979;0;558
5;4;0;B;0.010158955;0.710635472;0;559
5;4;0;C;0.008664023;0.87222042;0;730
5;4;0;D;0.00566084;1.255408017;0;72
5;4;0;E;0.00566084;1.255408017;2;0
5;4;0;F;0.00566084;1.255408017;2;0
5;4;0;G;0.00566084;1.255408017;2;0
5;4;1;A;0.010113229;0.748335658;0;1268
5;4;1;B;0.0098288;0.729461044;0;2370
5;4;1;C;0.009917342;0.71402567;0;3917
5;4;1;D;0.009611349;0.803476305;0;756
5;4;1;E;0.008709005;0.794953477;0;83
5;4;1;F;0.008709005;0.794953477;2;0
5;4;1;G;0.008709005;0.794953477;2;0
5;4;2;A;0.018338653;0.278664884;0;17691
5;4;2;B;0.0153713;0.438565952;0;39065
5;4;2;C;0.015805318;0.419158159;0;50067
5;4;2;D;0.017691862;0.364470515;0;3824
5;4;2;E;0.014734835;0.48544739;0;316
5;4;2;F;0.014734835;0.48544739;2;0
5;4;2;G;0.014734835;0.48544739;2;0
5;5;0;A;0.01600656;0.344905417;0;104
5;5;0;B;0.006860119;1.002221925;0;244
5;5;0;C;0.0021164;1.286452732;0;86
5;5;0;D;0.0021164;1.286452732;2;0
5;5;0;E;0.0021164;1.286452732;2;0
5;5;0;F;0.0021164;1.286452732;2;0
5;5;0;G;0.0021164;1.286452732;2;0
5;5;1;A;0.006004473;0.996016285;0;432
5;5;1;B;0.006781766;0.944778767;0;928
5;5;1;C;0.00532304;1.08516039;0;498
5;5;1;D;0.00532304;1.08516039;2;0
5;5;1;E;0.00532304;1.08516039;2;0
5;5;1;F;0.00532304;1.08516039;2;0
5;5;1;G;0.00532304;1.08516039;2;0
5;5;2;A;0.012010919;0.545569823;0;6383
5;5;2;B;0.017390218;0.214215565;0;9542
5;5;2;C;0.018876204;0.142111957;0;3143
5;5;2;D;0.03500314;-0.562840745;0;124
5;5;2;E;0.03500314;-0.562840745;2;0
5;5;2;F;0.03500314;-0.562840745;2;0
5;5;2;G;0.03500314;-0.562840745;2;0
5;6;0;A;0.006834881;1.012844842;0;176
5;6;0;B;0.011965412;0.500728662;0;402
5;6;0;C;0.005030905;1.195974908;0;88
5;6;0;D;0.005030905;1.195974908;2;0
5;6;0;E;0.005030905;1.195974908;2;0
5;6;0;F;0.005030905;1.195974908;2;0
5;6;0;G;0.005030905;1.195974908;2;0
5;6;1;A;0.005758457;0.966076237;0;607
5;6;1;B;0.007512301;0.884600503;0;889
5;6;1;C;0.003242984;1.110902891;0;276
5;6;1;D;0.003242984;1.110902891;2;0
5;6;1;E;0.003242984;1.110902891;2;0
5;6;1;F;0.003242984;1.110902891;2;0
5;6;1;G;0.003242984;1.110902891;2;0
5;6;2;A;0.008630228;0.739059236;0;6111
5;6;2;B;0.010379889;0.630240994;0;7230
5;6;2;C;0.014612196;0.432005998;0;2112
5;6;2;D;0.014612196;0.432005998;2;0
5;6;2;E;0.014612196;0.432005998;2;0
5;6;2;F;0.014612196;0.432005998;2;0
5;6;2;G;0.014612196;0.432005998;2;0
5;7;0;A;0.00734035;0.87359419;0;581
5;7;0;B;0.005834317;0.947666438;0;318
5;7;0;C;0.005834317;0.947666438;2;0
5;7;0;D;0.005834317;0.947666438;2;0
5;7;0;E;0.005834317;0.947666438;2;0
5;7;0;F;0.005834317;0.947666438;2;0
5;7;0;G;0.005834317;0.947666438;2;0
5;7;1;A;0.006238121;0.904061246;0;1024
5;7;1;B;0.006487281;0.920930966;0;665
5;7;1;C;0.007732458;0.906039979;0;73
5;7;1;D;0.007732458;0.906039979;2;0
5;7;1;E;0.007732458;0.906039979;2;0
5;7;1;F;0.007732458;0.906039979;2;0
5;7;1;G;0.007732458;0.906039979;2;0
5;7;2;A;0.006624595;0.851435096;0;7995
5;7;2;B;0.005947467;0.890363029;0;2833
5;7;2;C;0.007594797;0.746101326;0;187
5;7;2;D;0;2;0;57
5;7;2;E;0;2;2;0
5;7;2;F;0;2;2;0
5;7;2;G;0;2;2;0
5;8;0;A;0.005774601;0.986489033;0;1901
5;8;0;B;0.007577228;0.879348319;0;197
5;8;0;C;0.007577228;0.879348319;2;0
5;8;0;D;0.007577228;0.879348319;2;0
5;8;0;E;0.007577228;0.879348319;2;0
5;8;0;F;0.007577228;0.879348319;2;0
5;8;0;G;0.007577228;0.879348319;2;0
5;8;1;A;0.007810538;0.770693515;0;2553
5;8;1;B;0.005738746;0.997142052;0;206
5;8;1;C;0.005738746;0.997142052;2;0
5;8;1;D;0.005738746;0.997142052;2;0
5;8;1;E;0.005738746;0.997142052;2;0
5;8;1;F;0.005738746;0.997142052;2;0
5;8;1;G;0.005738746;0.997142052;2;0
5;8;2;A;0.007264497;0.815575368;0;10413
5;8;2;B;0.006933124;0.821511471;0;687
5;8;2;C;0.013529147;0.481908095;0;119
5;8;2;D;0.013529147;0.481908095;2;0
5;8;2;E;0.013529147;0.481908095;2;0
5;8;2;F;0.013529147;0.481908095;2;0
5;8;2;G;0.013529147;0.481908095;2;0
5;9;0;A;0.005354105;1.023364267;0;741
5;9;0;B;0.005354105;1.023364267;2;0
5;9;0;C;0.005354105;1.023364267;2;0
5;9;0;D;0.005354105;1.023364267;2;0
5;9;0;E;0.005354105;1.023364267;2;0
5;9;0;F;0.005354105;1.023364267;2;0
5;9;0;G;0.005354105;1.023364267;2;0
5;9;1;A;0.008670139;0.74917392;0;1740
5;9;1;B;0.005731716;1.123049912;0;69
5;9;1;C;0.005731716;1.123049912;2;0
5;9;1;D;0.005731716;1.123049912;2;0
5;9;1;E;0.005731716;1.123049912;2;0
5;9;1;F;0.005731716;1.123049912;2;0
5;9;1;G;0.005731716;1.123049912;2;0
5;9;2;A;0.008445021;0.776486801;0;5616
5;9;2;B;0.010511002;0.603452485;0;219
5;9;2;C;0.005353747;1.032623813;0;108
5;9;2;D;0.005353747;1.032623813;2;0
5;9;2;E;0.005353747;1.032623813;2;0
5;9;2;F;0.005353747;1.032623813;2;0
5;9;2;G;0.005353747;1.032623813;2;0
5;10;0;A;0.009751318;0.837411978;0;6360
5;10;0;B;0.012552807;0.594526204;0;60
5;10;0;C;0.012552807;0.594526204;2;0
5;10;0;D;0.012552807;0.594526204;2;0
5;10;0;E;0.012552807;0.594526204;2;0
5;10;0;F;0.012552807;0.594526204;2;0
5;10;0;G;0.012552807;0.594526204;2;0
5;10;1;A;0.0082301;0.956140483;0;2129
5;10;1;B;0.00352838;1.595157545;0;106
5;10;1;C;0.00352838;1.595157545;2;0
5;10;1;D;0.00352838;1.595157545;2;0
5;10;1;E;0.00352838;1.595157545;2;0
5;10;1;F;0.00352838;1.595157545;2;0
5;10;1;G;0.00352838;1.595157545;2;0
5;10;2;A;0.011280116;0.65633915;0;2749
5;10;2;B;0.016733081;0.632083601;0;312
5;10;2;C;0.016733081;0.632083601;2;0
5;10;2;D;0.016733081;0.632083601;2;0
5;10;2;E;0.016733081;0.632083601;2;0
5;10;2;F;0.016733081;0.632083601;2;0
5;10;2;G;0.016733081;0.632083601;2;0
6;0;0;A;0.009063355;1.060673205;0;533
6;0;0;B;0.007406991;1.265078475;0;320
6;0;0;C;0.008739498;1.12943626;0;966
6;0;0;D;0.00928351;1.139207861;0;727
6;0;0;E;0.01198833;0.972077557;0;347
6;0;0;F;0.006027522;1.608052823;0;263
6;0;0;G;0.009709337;1.041947069;0;138
6;0;1;A;0.010952268;1.046968326;0;1453
6;0;1;B;0.008318842;1.249673052;0;1441
6;0;1;C;0.010782738;1.123804431;0;3572
6;0;1;D;0.009205704;1.190147898;0;2930
6;0;1;E;0.01123672;1.029035086;0;1636
6;0;1;F;0.008597391;1.274326413;0;978
6;0;1;G;0.010224797;0.963010783;0;1007
6;0;2;A;0.019352621;0.536520781;0;3707
6;0;2;B;0.020739635;0.497630276;0;4696
6;0;2;C;0.018781003;0.569758149;0;9117
6;0;2;D;0.016341744;0.742258599;0;6475
6;0;2;E;0.014729602;0.810170302;0;2420
6;0;2;F;0.012899981;0.873974247;0;1002
6;0;2;G;0.010422001;0.958698641;0;669
6;1;0;A;0.014630422;0.618409959;0;159
6;1;0;B;0.026969455;0.145179721;0;54
6;1;0;C;0.016238827;0.789367385;0;194
6;1;0;D;0.013107864;1.14780544;0;192
6;1;0;E;0.007672209;1.223822883;0;104
6;1;0;F;0.01208812;1.15111486;0;92
6;1;0;G;0.008181587;1.341703125;0;81
6;1;1;A;0.006820212;1.485406574;0;337
6;1;1;B;0.008302475;1.303707833;0;401
6;1;1;C;0.008279661;1.332698911;0;1118
6;1;1;D;0.010475808;1.198001595;0;1298
6;1;1;E;0.008516666;1.277604198;0;811
6;1;1;F;0.011246339;1.160790565;0;501
6;1;1;G;0.009508489;1.199765243;0;462
6;1;2;A;0.016834642;0.572009028;0;371
6;1;2;B;0.023978126;0.590303784;0;274
6;1;2;C;0.013080192;0.948245734;0;1727
6;1;2;D;0.009869321;1.20750173;0;1659
6;1;2;E;0.011458165;1.104009392;0;614
6;1;2;F;0.006213774;1.340402146;0;267
6;1;2;G;0.008053317;1.138982682;0;126
6;2;0;A;0.008481707;1.641375103;0;57
6;2;0;B;0.017272373;0.458045933;0;103
6;2;0;C;0.005481464;1.554225766;0;199
6;2;0;D;0.00010966;2.041629043;0;140
6;2;0;E;0.011979738;1.08932995;0;90
6;2;0;F;0.011979738;1.08932995;2;0
6;2;0;G;0.011979738;1.08932995;2;0
6;2;1;A;0.004618987;1.322546257;0;250
6;2;1;B;0.018366426;0.542260815;0;388
6;2;1;C;0.00790607;1.201715458;0;1657
6;2;1;D;0.007510866;1.287741693;0;1154
6;2;1;E;0.003031938;1.557303;0;789
6;2;1;F;0.004744466;1.44506772;0;424
6;2;1;G;0.010641366;0.822736611;0;321
6;2;2;A;0.015126493;0.905235195;0;5487
6;2;2;B;0.018750911;0.664202657;0;3942
6;2;2;C;0.015701628;0.937015446;0;15040
6;2;2;D;0.011655622;1.181595466;0;11329
6;2;2;E;0.010647014;1.221756822;0;5382
6;2;2;F;0.016879229;0.746913752;0;1545
6;2;2;G;0.01120864;1.038352507;0;981
6;3;0;A;0.016309652;0.448623959;0;346
6;3;0;B;0.008096801;1.220300452;1;0
6;3;0;C;0;2;0;52
6;3;0;D;0;2;0;90
6;3;0;E;0;2;2;0
6;3;0;F;0;2;2;0
6;3;0;G;0;2;2;0
6;3;1;A;0.011135766;0.774198244;0;503
6;3;1;B;0.010907723;0.874508172;0;428
6;3;1;C;0.004182033;1.191471242;0;692
6;3;1;D;0.002457804;1.41736531;0;252
6;3;1;E;0.003148033;1.275842452;0;261
6;3;1;F;0;2;0;55
6;3;1;G;0;2;2;0
6;3;2;A;0.009025785;1.011431715;0;4206
6;3;2;B;0.016995729;0.404416104;0;3583
6;3;2;C;0.009604497;1.020676631;0;12800
6;3;2;D;0.012917434;0.84279774;0;5410
6;3;2;E;0.013103324;0.781563938;0;993
6;3;2;F;0.020556323;0.03181818;0;394
6;3;2;G;0.030265169;0.050179036;0;59
6;4;0;A;0.005863119;1.149149088;0;620
6;4;0;B;0.008166148;1.12104738;0;273
6;4;0;C;0.005343764;1.000200678;0;552
6;4;0;D;0.004571033;1.156081877;0;59
6;4;0;E;0.006373935;0.978188593;0;94
6;4;0;F;0.006373935;0.978188593;2;0
6;4;0;G;0.006373935;0.978188593;2;0
6;4;1;A;0.006473078;1.027672061;0;863
6;4;1;B;0.006432651;1.040981114;0;2229
6;4;1;C;0.00627313;1.000349345;0;4153
6;4;1;D;0.008112426;0.992750071;0;696
6;4;1;E;0.013589721;0.433773806;0;121
6;4;1;F;0.013589721;0.433773806;2;0
6;4;1;G;0.013589721;0.433773806;2;0
6;4;2;A;0.017005953;0.414569673;0;5014
6;4;2;B;0.018853075;0.276911725;0;10728
6;4;2;C;0.019034714;0.230194141;0;14961
6;4;2;D;0.017472146;0.325775043;0;2046
6;4;2;E;0.007034577;1.039997135;0;142
6;4;2;F;0.007034577;1.039997135;2;0
6;4;2;G;0.007034577;1.039997135;2;0
6;5;0;A;0.00525774;1.304804919;0;83
6;5;0;B;0.005316113;1.147464028;0;284
6;5;0;C;0.004204825;1.069444189;0;128
6;5;0;D;0.004204825;1.069444189;2;0
6;5;0;E;0.004204825;1.069444189;2;0
6;5;0;F;0.004204825;1.069444189;2;0
6;5;0;G;0.004204825;1.069444189;2;0
6;5;1;A;0.006923118;0.915796242;0;542
6;5;1;B;0.005102592;1.153893701;0;1397
6;5;1;C;0.003908654;1.284278298;0;982
6;5;1;D;0.003908654;1.284278298;2;0
6;5;1;E;0.003908654;1.284278298;2;0
6;5;1;F;0.003908654;1.284278298;2;0
6;5;1;G;0.003908654;1.284278298;2;0
6;5;2;A;0.015281391;0.28387873;0;2845
6;5;2;B;0.016013478;0.317502972;0;5197
6;5;2;C;0.012848598;0.546000118;0;2596
6;5;2;D;0.017162826;0.553774704;0;54
6;5;2;E;0.017162826;0.553774704;2;0
6;5;2;F;0.017162826;0.553774704;2;0
6;5;2;G;0.017162826;0.553774704;2;0
6;6;0;A;0.018157757;0.045506694;0;197
6;6;0;B;0.009645844;0.672191101;0;381
6;6;0;C;0.006373658;0.90212574;0;389
6;6;0;D;0.006373658;0.90212574;2;0
6;6;0;E;0.006373658;0.90212574;2;0
6;6;0;F;0.006373658;0.90212574;2;0
6;6;0;G;0.006373658;0.90212574;2;0
6;6;1;A;0.004702645;1.176006302;0;548
6;6;1;B;0.004926488;1.241547131;0;1552
6;6;1;C;0.004390098;1.230735325;0;432
6;6;1;D;0.004390098;1.230735325;2;0
6;6;1;E;0.004390098;1.230735325;2;0
6;6;1;F;0.004390098;1.230735325;2;0
6;6;1;G;0.004390098;1.230735325;2;0
6;6;2;A;0.013905339;0.354718836;0;2604
6;6;2;B;0.012609808;0.503406452;0;4141
6;6;2;C;0.011453571;0.56539588;0;1794
6;6;2;D;0.011453571;0.56539588;2;0
6;6;2;E;0.011453571;0.56539588;2;0
6;6;2;F;0.011453571;0.56539588;2;0
6;6;2;G;0.011453571;0.56539588;2;0
6;7;0;A;0.010487792;0.743271069;0;1136
6;7;0;B;0.005373876;1.154093517;0;654
6;7;0;C;0.005373876;1.154093517;2;0
6;7;0;D;0.005373876;1.154093517;2;0
6;7;0;E;0.005373876;1.154093517;2;0
6;7;0;F;0.005373876;1.154093517;2;0
6;7;0;G;0.005373876;1.154093517;2;0
6;7;1;A;0.010491971;0.775778335;0;960
6;7;1;B;0.008782312;0.866871676;0;957
6;7;1;C;0.006779697;1.076641197;0;177
6;7;1;D;0.006779697;1.076641197;2;0
6;7;1;E;0.006779697;1.076641197;2;0
6;7;1;F;0.006779697;1.076641197;2;0
6;7;1;G;0.006779697;1.076641197;2;0
6;7;2;A;0.008301978;0.796310525;0;3923
6;7;2;B;0.006765215;0.916221852;0;2217
6;7;2;C;0.011503679;0.825215666;0;378
6;7;2;D;0.011503679;0.825215666;2;0
6;7;2;E;0.011503679;0.825215666;2;0
6;7;2;F;0.011503679;0.825215666;2;0
6;7;2;G;0.011503679;0.825215666;2;0
6;8;0;A;0.010151279;0.820488947;0;2761
6;8;0;B;0.010456343;0.832631399;0;615
6;8;0;C;0.010456343;0.832631399;2;0
6;8;0;D;0.010456343;0.832631399;2;0
6;8;0;E;0.010456343;0.832631399;2;0
6;8;0;F;0.010456343;0.832631399;2;0
6;8;0;G;0.010456343;0.832631399;2;0
6;8;1;A;0.006500045;1.181554721;0;3467
6;8;1;B;0.010985749;0.818907851;0;599
6;8;1;C;0.010985749;0.818907851;2;0
6;8;1;D;0.010985749;0.818907851;2;0
6;8;1;E;0.010985749;0.818907851;2;0
6;8;1;F;0.010985749;0.818907851;2;0
6;8;1;G;0.010985749;0.818907851;2;0
6;8;2;A;0.006444807;0.989845651;0;8967
6;8;2;B;0.009049094;0.744927958;0;1107
6;8;2;C;0.006824764;0.857190067;0;237
6;8;2;D;0.008572116;0.674637195;0;63
6;8;2;E;0.008572116;0.674637195;2;0
6;8;2;F;0.008572116;0.674637195;2;0
6;8;2;G;0.008572116;0.674637195;2;0
6;9;0;A;0.006648244;1.012627192;0;1654
6;9;0;B;0.006089931;0.997509402;0;117
6;9;0;C;0.006089931;0.997509402;2;0
6;9;0;D;0.006089931;0.997509402;2;0
6;9;0;E;0.006089931;0.997509402;2;0
6;9;0;F;0.006089931;0.997509402;2;0
6;9;0;G;0.006089931;0.997509402;2;0
6;9;1;A;0.007544151;1.004406317;0;2279
6;9;1;B;0.008377343;0.935444729;0;152
6;9;1;C;0.008377343;0.935444729;2;0
6;9;1;D;0.008377343;0.935444729;2;0
6;9;1;E;0.008377343;0.935444729;2;0
6;9;1;F;0.008377343;0.935444729;2;0
6;9;1;G;0.008377343;0.935444729;2;0
6;9;2;A;0.008961181;0.837042374;0;5577
6;9;2;B;0.002197363;1.371052734;0;394
6;9;2;C;0.002197363;1.371052734;2;0
6;9;2;D;0.002197363;1.371052734;2;0
6;9;2;E;0.002197363;1.371052734;2;0
6;9;2;F;0.002197363;1.371052734;2;0
6;9;2;G;0.002197363;1.371052734;2;0
6;10;0;A;0.010168096;0.770956448;0;1766
6;10;0;B;0.010168096;0.770956448;2;0
6;10;0;C;0.010168096;0.770956448;2;0
6;10;0;D;0.010168096;0.770956448;2;0
6;10;0;E;0.010168096;0.770956448;2;0
6;10;0;F;0.010168096;0.770956448;2;0
6;10;0;G;0.010168096;0.770956448;2;0
6;10;1;A;0.008006957;0.974649999;0;865
6;10;1;B;0.002160441;0.980152063;0;237
6;10;1;C;0.005376344;0.88172043;0;184
6;10;1;D;0.005376344;0.88172043;2;0
6;10;1;E;0.005376344;0.88172043;2;0
6;10;1;F;0.005376344;0.88172043;2;0
6;10;1;G;0.005376344;0.88172043;2;0
6;10;2;A;0.009792961;0.707099035;0;1163
6;10;2;B;0.020301523;-0.031399065;0;83
6;10;2;C;0.020301523;-0.031399065;2;0
6;10;2;D;0.020301523;-0.031399065;2;0
6;10;2;E;0.020301523;-0.031399065;2;0
6;10;2;F;0.020301523;-0.031399065;2;0
6;10;2;G;0.020301523;-0.031399065;2;0
