Jaar;P_CO2;RAT_CO2_KWH;P_CO2_KWH;KG_PC_COM_EXCL_CO2;KG_PC_CO2;KG_PC_DIS;KG_PC_TRANS;KG_PC_NET;KG_PC_SDE;KG_PC_BEL_EL;KG_PC_BTW;KG_P;KMG_PC_COM_EXCL_CO2;KMG_PC_CO2;KMG_PC_DIS;KMG_PC_TRANS;KMG_PC_NET;KMG_PC_SDE;KMG_PC_BEL_EL;KMG_PC_BTW;KMG_P;MMG_PC_COM_EXCL_CO2;MMG_PC_CO2;MMG_PC_DIS;MMG_PC_TRANS;MMG_PC_NET;MMG_PC_SDE;MMG_PC_BEL_EL;MMG_PC_BTW;MMG_P;GG_PC_COM_EXCL_CO2;GG_PC_CO2;GG_PC_DIS;GG_PC_TRANS;GG_PC_NET;GG_PC_SDE;GG_PC_BEL_EL;GG_PC_BTW;GG_P;GLAST_PC_COM_EXCL_CO2;GLAST_PC_CO2;GLAST_PC_DIS;GLAST_PC_TRANS;GLAST_PC_NET;GLAST_PC_SDE;GLAST_PC_BEL_EL;GLAST_PC_BTW;GLAST_P
2010;3.7;1.78;0.000;0.246;0.000;0.000;0.140;0.140;0.000;0.163;0.104;0.653;0.246;0.000;0.030;0.099;0.130;0.000;0.141;0.000;0.517;0.246;0.000;0.009;0.099;0.109;0.000;0.039;0.000;0.393;0.246;0.000;0.010;0.060;0.069;0.000;0.012;0.000;0.327;0.246;0.000;0.009;0.099;0.109;0.000;0.024;0.000;0.378
2011;3.7;1.78;0.000;0.246;0.000;0.000;0.148;0.148;0.000;0.160;0.105;0.659;0.246;0.000;0.030;0.103;0.134;0.000;0.138;0.000;0.517;0.246;0.000;0.009;0.103;0.112;0.000;0.039;0.000;0.397;0.246;0.000;0.010;0.061;0.071;0.000;0.012;0.000;0.329;0.246;0.000;0.009;0.103;0.112;0.000;0.023;0.000;0.381
2012;3.7;1.78;0.000;0.246;0.000;0.000;0.148;0.148;0.000;0.158;0.116;0.668;0.246;0.000;0.030;0.103;0.133;0.000;0.137;0.000;0.516;0.246;0.000;0.009;0.103;0.112;0.000;0.040;0.000;0.398;0.246;0.000;0.010;0.061;0.070;0.000;0.012;0.000;0.328;0.246;0.000;0.009;0.103;0.112;0.000;0.023;0.000;0.381
2013;3.7;1.78;0.000;0.246;0.000;0.000;0.149;0.149;0.002;0.172;0.119;0.688;0.246;0.000;0.030;0.103;0.133;0.002;0.172;0.000;0.553;0.246;0.000;0.009;0.103;0.112;0.001;0.044;0.000;0.402;0.246;0.000;0.010;0.061;0.070;0.002;0.015;0.000;0.333;0.246;0.000;0.009;0.103;0.112;0.002;0.028;0.000;0.388
2014;3.7;1.78;0.000;0.239;0.000;0.000;0.149;0.149;0.004;0.175;0.119;0.686;0.239;0.000;0.030;0.103;0.133;0.004;0.175;0.000;0.552;0.239;0.000;0.009;0.103;0.112;0.002;0.045;0.000;0.397;0.239;0.000;0.010;0.061;0.070;0.004;0.015;0.000;0.329;0.239;0.000;0.009;0.103;0.112;0.004;0.028;0.000;0.383
2015;3.7;1.78;0.000;0.233;0.000;0.000;0.149;0.149;0.007;0.175;0.118;0.681;0.233;0.000;0.030;0.103;0.133;0.007;0.175;0.000;0.548;0.233;0.000;0.009;0.103;0.112;0.003;0.068;0.000;0.415;0.233;0.000;0.010;0.061;0.070;0.007;0.023;0.000;0.332;0.233;0.000;0.009;0.103;0.112;0.007;0.028;0.000;0.379
2016;3.7;1.78;0.000;0.226;0.000;0.000;0.149;0.149;0.010;0.229;0.129;0.743;0.226;0.000;0.030;0.103;0.133;0.010;0.229;0.000;0.599;0.226;0.000;0.009;0.103;0.112;0.004;0.070;0.000;0.411;0.226;0.000;0.010;0.061;0.070;0.010;0.023;0.000;0.329;0.226;0.000;0.009;0.103;0.112;0.010;0.037;0.000;0.385
2017;3.7;1.78;0.000;0.219;0.000;0.000;0.149;0.149;0.014;0.229;0.128;0.740;0.219;0.000;0.030;0.103;0.133;0.014;0.229;0.000;0.596;0.219;0.000;0.009;0.103;0.112;0.014;0.070;0.000;0.415;0.219;0.000;0.010;0.061;0.070;0.014;0.023;0.000;0.327;0.219;0.000;0.009;0.103;0.112;0.014;0.037;0.000;0.382
2018;3.7;1.78;0.000;0.213;0.000;0.000;0.149;0.149;0.023;0.229;0.129;0.742;0.213;0.000;0.030;0.103;0.133;0.023;0.229;0.000;0.598;0.213;0.000;0.009;0.103;0.112;0.023;0.070;0.000;0.417;0.213;0.000;0.010;0.061;0.070;0.022;0.023;0.000;0.328;0.213;0.000;0.009;0.103;0.112;0.022;0.037;0.000;0.384
2019;3.7;1.78;0.000;0.206;0.000;0.000;0.149;0.149;0.037;0.229;0.130;0.751;0.206;0.000;0.030;0.103;0.133;0.037;0.229;0.000;0.605;0.206;0.000;0.009;0.103;0.112;0.037;0.070;0.000;0.425;0.206;0.000;0.010;0.061;0.070;0.036;0.023;0.000;0.336;0.206;0.000;0.009;0.103;0.112;0.036;0.037;0.000;0.391
2020;3.7;1.78;0.000;0.200;0.000;0.000;0.149;0.149;0.049;0.229;0.132;0.758;0.200;0.000;0.030;0.103;0.133;0.049;0.229;0.000;0.611;0.200;0.000;0.009;0.103;0.112;0.049;0.070;0.000;0.430;0.200;0.000;0.010;0.061;0.070;0.048;0.023;0.000;0.341;0.200;0.000;0.009;0.103;0.112;0.048;0.037;0.000;0.397
2021;7.0;1.78;0.000;0.193;0.000;0.000;0.149;0.149;0.046;0.229;0.130;0.746;0.193;0.000;0.030;0.103;0.133;0.045;0.229;0.000;0.601;0.193;0.000;0.009;0.103;0.112;0.045;0.070;0.000;0.420;0.193;0.000;0.010;0.061;0.070;0.044;0.023;0.000;0.331;0.193;0.000;0.009;0.103;0.112;0.044;0.037;0.000;0.387
2022;10.4;1.78;0.000;0.187;0.000;0.000;0.149;0.149;0.050;0.229;0.129;0.743;0.187;0.000;0.030;0.103;0.133;0.049;0.229;0.000;0.598;0.187;0.000;0.009;0.103;0.112;0.049;0.070;0.000;0.417;0.187;0.000;0.010;0.061;0.070;0.048;0.023;0.000;0.328;0.187;0.000;0.009;0.103;0.112;0.048;0.037;0.000;0.384
2023;13.7;1.78;0.000;0.180;0.000;0.000;0.149;0.149;0.054;0.229;0.129;0.741;0.180;0.000;0.030;0.103;0.133;0.054;0.229;0.000;0.596;0.180;0.000;0.009;0.103;0.112;0.054;0.070;0.000;0.416;0.180;0.000;0.010;0.061;0.070;0.053;0.023;0.000;0.326;0.180;0.000;0.009;0.103;0.112;0.053;0.037;0.000;0.382
2024;17.0;1.78;0.000;0.174;0.000;0.000;0.149;0.149;0.068;0.229;0.130;0.750;0.174;0.000;0.030;0.103;0.133;0.068;0.229;0.000;0.604;0.174;0.000;0.009;0.103;0.112;0.068;0.070;0.000;0.423;0.174;0.000;0.010;0.061;0.070;0.066;0.023;0.000;0.333;0.174;0.000;0.009;0.103;0.112;0.066;0.037;0.000;0.389
2025;20.4;1.78;0.000;0.167;0.000;0.000;0.149;0.149;0.069;0.229;0.129;0.743;0.167;0.000;0.030;0.103;0.133;0.069;0.229;0.000;0.598;0.167;0.000;0.009;0.103;0.112;0.069;0.070;0.000;0.417;0.167;0.000;0.010;0.061;0.070;0.067;0.023;0.000;0.328;0.167;0.000;0.009;0.103;0.112;0.067;0.037;0.000;0.384
2026;23.7;1.78;0.000;0.161;0.000;0.000;0.149;0.149;0.070;0.229;0.128;0.736;0.161;0.000;0.030;0.103;0.133;0.069;0.229;0.000;0.592;0.161;0.000;0.009;0.103;0.112;0.069;0.070;0.000;0.411;0.161;0.000;0.010;0.061;0.070;0.068;0.023;0.000;0.322;0.161;0.000;0.009;0.103;0.112;0.068;0.037;0.000;0.378
2027;27.0;1.78;0.000;0.154;0.000;0.000;0.149;0.149;0.071;0.229;0.126;0.729;0.154;0.000;0.030;0.103;0.133;0.070;0.229;0.000;0.586;0.154;0.000;0.009;0.103;0.112;0.070;0.070;0.000;0.406;0.154;0.000;0.010;0.061;0.070;0.068;0.023;0.000;0.316;0.154;0.000;0.009;0.103;0.112;0.068;0.037;0.000;0.372
2028;30.4;1.78;0.000;0.148;0.000;0.000;0.149;0.149;0.071;0.229;0.125;0.722;0.148;0.000;0.030;0.103;0.133;0.070;0.229;0.000;0.580;0.148;0.000;0.009;0.103;0.112;0.070;0.070;0.000;0.400;0.148;0.000;0.010;0.061;0.070;0.069;0.023;0.000;0.310;0.148;0.000;0.009;0.103;0.112;0.069;0.037;0.000;0.366
2029;33.7;1.78;0.000;0.141;0.000;0.000;0.149;0.149;0.075;0.229;0.125;0.718;0.141;0.000;0.030;0.103;0.133;0.074;0.229;0.000;0.578;0.141;0.000;0.009;0.103;0.112;0.074;0.070;0.000;0.397;0.141;0.000;0.010;0.061;0.070;0.073;0.023;0.000;0.307;0.141;0.000;0.009;0.103;0.112;0.073;0.037;0.000;0.363
2030;37.0;1.78;0.000;0.134;0.000;0.000;0.149;0.149;0.079;0.229;0.124;0.716;0.134;0.000;0.030;0.103;0.133;0.078;0.229;0.000;0.575;0.134;0.000;0.009;0.103;0.112;0.078;0.070;0.000;0.394;0.134;0.000;0.010;0.061;0.070;0.077;0.023;0.000;0.305;0.134;0.000;0.009;0.103;0.112;0.077;0.037;0.000;0.360
2031;42.6;1.78;0.000;0.135;0.000;0.000;0.149;0.149;0.079;0.229;0.124;0.717;0.135;0.000;0.030;0.103;0.133;0.078;0.229;0.000;0.576;0.135;0.000;0.009;0.103;0.112;0.078;0.070;0.000;0.395;0.135;0.000;0.010;0.061;0.070;0.077;0.023;0.000;0.306;0.135;0.000;0.009;0.103;0.112;0.077;0.037;0.000;0.361
2032;48.1;1.78;0.000;0.136;0.000;0.000;0.149;0.149;0.079;0.229;0.125;0.718;0.136;0.000;0.030;0.103;0.133;0.078;0.229;0.000;0.577;0.136;0.000;0.009;0.103;0.112;0.078;0.070;0.000;0.396;0.136;0.000;0.010;0.061;0.070;0.077;0.023;0.000;0.306;0.136;0.000;0.009;0.103;0.112;0.077;0.037;0.000;0.362
2033;53.7;1.78;0.000;0.137;0.000;0.000;0.149;0.149;0.079;0.229;0.125;0.719;0.137;0.000;0.030;0.103;0.133;0.078;0.229;0.000;0.578;0.137;0.000;0.009;0.103;0.112;0.078;0.070;0.000;0.397;0.137;0.000;0.010;0.061;0.070;0.077;0.023;0.000;0.307;0.137;0.000;0.009;0.103;0.112;0.077;0.037;0.000;0.363
2034;59.2;1.78;0.000;0.138;0.000;0.000;0.149;0.149;0.079;0.229;0.125;0.720;0.138;0.000;0.030;0.103;0.133;0.078;0.229;0.000;0.579;0.138;0.000;0.009;0.103;0.112;0.078;0.070;0.000;0.398;0.138;0.000;0.010;0.061;0.070;0.077;0.023;0.000;0.308;0.138;0.000;0.009;0.103;0.112;0.077;0.037;0.000;0.364
2035;64.8;1.78;0.000;0.139;0.000;0.000;0.149;0.149;0.079;0.229;0.125;0.721;0.139;0.000;0.030;0.103;0.133;0.078;0.229;0.000;0.580;0.139;0.000;0.009;0.103;0.112;0.078;0.070;0.000;0.399;0.139;0.000;0.010;0.061;0.070;0.077;0.023;0.000;0.309;0.139;0.000;0.009;0.103;0.112;0.077;0.037;0.000;0.365
2036;70.3;1.78;0.000;0.140;0.000;0.000;0.149;0.149;0.079;0.229;0.125;0.722;0.140;0.000;0.030;0.103;0.133;0.078;0.229;0.000;0.580;0.140;0.000;0.009;0.103;0.112;0.078;0.070;0.000;0.400;0.140;0.000;0.010;0.061;0.070;0.077;0.023;0.000;0.310;0.140;0.000;0.009;0.103;0.112;0.077;0.037;0.000;0.366
2037;75.9;1.78;0.000;0.141;0.000;0.000;0.149;0.149;0.079;0.229;0.125;0.723;0.141;0.000;0.030;0.103;0.133;0.078;0.229;0.000;0.581;0.141;0.000;0.009;0.103;0.112;0.078;0.070;0.000;0.401;0.141;0.000;0.010;0.061;0.070;0.077;0.023;0.000;0.311;0.141;0.000;0.009;0.103;0.112;0.077;0.037;0.000;0.367
2038;81.4;1.78;0.000;0.142;0.000;0.000;0.149;0.149;0.079;0.229;0.126;0.724;0.142;0.000;0.030;0.103;0.133;0.078;0.229;0.000;0.582;0.142;0.000;0.009;0.103;0.112;0.078;0.070;0.000;0.401;0.142;0.000;0.010;0.061;0.070;0.077;0.023;0.000;0.312;0.142;0.000;0.009;0.103;0.112;0.077;0.037;0.000;0.367
2039;87.0;1.78;0.000;0.142;0.000;0.000;0.149;0.149;0.079;0.229;0.126;0.725;0.142;0.000;0.030;0.103;0.133;0.078;0.229;0.000;0.583;0.142;0.000;0.009;0.103;0.112;0.078;0.070;0.000;0.402;0.142;0.000;0.010;0.061;0.070;0.077;0.023;0.000;0.313;0.142;0.000;0.009;0.103;0.112;0.077;0.037;0.000;0.368
2040;92.5;1.78;0.000;0.143;0.000;0.000;0.149;0.149;0.079;0.229;0.126;0.726;0.143;0.000;0.030;0.103;0.133;0.078;0.229;0.000;0.584;0.143;0.000;0.009;0.103;0.112;0.078;0.070;0.000;0.403;0.143;0.000;0.010;0.061;0.070;0.077;0.023;0.000;0.313;0.143;0.000;0.009;0.103;0.112;0.077;0.037;0.000;0.369
2041;98.1;1.78;0.000;0.144;0.000;0.000;0.149;0.149;0.079;0.229;0.126;0.727;0.144;0.000;0.030;0.103;0.133;0.078;0.229;0.000;0.585;0.144;0.000;0.009;0.103;0.112;0.078;0.070;0.000;0.404;0.144;0.000;0.010;0.061;0.070;0.077;0.023;0.000;0.314;0.144;0.000;0.009;0.103;0.112;0.077;0.037;0.000;0.370
2042;103.6;1.78;0.000;0.145;0.000;0.000;0.149;0.149;0.079;0.229;0.126;0.728;0.145;0.000;0.030;0.103;0.133;0.078;0.229;0.000;0.586;0.145;0.000;0.009;0.103;0.112;0.078;0.070;0.000;0.405;0.145;0.000;0.010;0.061;0.070;0.077;0.023;0.000;0.315;0.145;0.000;0.009;0.103;0.112;0.077;0.037;0.000;0.371
2043;109.2;1.78;0.000;0.146;0.000;0.000;0.149;0.149;0.079;0.229;0.127;0.729;0.146;0.000;0.030;0.103;0.133;0.078;0.229;0.000;0.587;0.146;0.000;0.009;0.103;0.112;0.078;0.070;0.000;0.406;0.146;0.000;0.010;0.061;0.070;0.077;0.023;0.000;0.316;0.146;0.000;0.009;0.103;0.112;0.077;0.037;0.000;0.372
2044;114.7;1.78;0.000;0.147;0.000;0.000;0.149;0.149;0.079;0.229;0.127;0.730;0.147;0.000;0.030;0.103;0.133;0.078;0.229;0.000;0.587;0.147;0.000;0.009;0.103;0.112;0.078;0.070;0.000;0.407;0.147;0.000;0.010;0.061;0.070;0.077;0.023;0.000;0.317;0.147;0.000;0.009;0.103;0.112;0.077;0.037;0.000;0.373
2045;120.3;1.78;0.000;0.148;0.000;0.000;0.149;0.149;0.079;0.229;0.127;0.732;0.148;0.000;0.030;0.103;0.133;0.078;0.229;0.000;0.588;0.148;0.000;0.009;0.103;0.112;0.078;0.070;0.000;0.408;0.148;0.000;0.010;0.061;0.070;0.077;0.023;0.000;0.318;0.148;0.000;0.009;0.103;0.112;0.077;0.037;0.000;0.374
2046;125.8;1.78;0.000;0.149;0.000;0.000;0.149;0.149;0.079;0.229;0.127;0.733;0.149;0.000;0.030;0.103;0.133;0.078;0.229;0.000;0.589;0.149;0.000;0.009;0.103;0.112;0.078;0.070;0.000;0.409;0.149;0.000;0.010;0.061;0.070;0.077;0.023;0.000;0.319;0.149;0.000;0.009;0.103;0.112;0.077;0.037;0.000;0.374
2047;131.4;1.78;0.000;0.149;0.000;0.000;0.149;0.149;0.079;0.229;0.127;0.734;0.149;0.000;0.030;0.103;0.133;0.078;0.229;0.000;0.590;0.149;0.000;0.009;0.103;0.112;0.078;0.070;0.000;0.409;0.149;0.000;0.010;0.061;0.070;0.077;0.023;0.000;0.320;0.149;0.000;0.009;0.103;0.112;0.077;0.037;0.000;0.375
2048;136.9;1.78;0.000;0.150;0.000;0.000;0.149;0.149;0.079;0.229;0.128;0.735;0.150;0.000;0.030;0.103;0.133;0.078;0.229;0.000;0.591;0.150;0.000;0.009;0.103;0.112;0.078;0.070;0.000;0.410;0.150;0.000;0.010;0.061;0.070;0.077;0.023;0.000;0.321;0.150;0.000;0.009;0.103;0.112;0.077;0.037;0.000;0.376
2049;142.5;1.78;0.000;0.151;0.000;0.000;0.149;0.149;0.079;0.229;0.128;0.736;0.151;0.000;0.030;0.103;0.133;0.078;0.229;0.000;0.592;0.151;0.000;0.009;0.103;0.112;0.078;0.070;0.000;0.411;0.151;0.000;0.010;0.061;0.070;0.077;0.023;0.000;0.321;0.151;0.000;0.009;0.103;0.112;0.077;0.037;0.000;0.377
2050;148.1;1.78;0.000;0.152;0.000;0.000;0.149;0.149;0.079;0.229;0.128;0.737;0.152;0.000;0.030;0.103;0.133;0.078;0.229;0.000;0.593;0.152;0.000;0.009;0.103;0.112;0.078;0.070;0.000;0.412;0.152;0.000;0.010;0.061;0.070;0.077;0.023;0.000;0.322;0.152;0.000;0.009;0.103;0.112;0.077;0.037;0.000;0.378
2051;148.1;1.78;0.000;0.152;0.000;0.000;0.149;0.149;0.079;0.229;0.128;0.737;0.152;0.000;0.030;0.103;0.133;0.078;0.229;0.000;0.593;0.152;0.000;0.009;0.103;0.112;0.078;0.070;0.000;0.412;0.152;0.000;0.010;0.061;0.070;0.077;0.023;0.000;0.322;0.152;0.000;0.009;0.103;0.112;0.077;0.037;0.000;0.378
2052;148.1;1.78;0.000;0.152;0.000;0.000;0.149;0.149;0.079;0.229;0.128;0.737;0.152;0.000;0.030;0.103;0.133;0.078;0.229;0.000;0.593;0.152;0.000;0.009;0.103;0.112;0.078;0.070;0.000;0.412;0.152;0.000;0.010;0.061;0.070;0.077;0.023;0.000;0.322;0.152;0.000;0.009;0.103;0.112;0.077;0.037;0.000;0.378
2053;148.1;1.78;0.000;0.152;0.000;0.000;0.149;0.149;0.079;0.229;0.128;0.737;0.152;0.000;0.030;0.103;0.133;0.078;0.229;0.000;0.593;0.152;0.000;0.009;0.103;0.112;0.078;0.070;0.000;0.412;0.152;0.000;0.010;0.061;0.070;0.077;0.023;0.000;0.322;0.152;0.000;0.009;0.103;0.112;0.077;0.037;0.000;0.378
2054;148.1;1.78;0.000;0.152;0.000;0.000;0.149;0.149;0.079;0.229;0.128;0.737;0.152;0.000;0.030;0.103;0.133;0.078;0.229;0.000;0.593;0.152;0.000;0.009;0.103;0.112;0.078;0.070;0.000;0.412;0.152;0.000;0.010;0.061;0.070;0.077;0.023;0.000;0.322;0.152;0.000;0.009;0.103;0.112;0.077;0.037;0.000;0.378
2055;148.1;1.78;0.000;0.152;0.000;0.000;0.149;0.149;0.079;0.229;0.128;0.737;0.152;0.000;0.030;0.103;0.133;0.078;0.229;0.000;0.593;0.152;0.000;0.009;0.103;0.112;0.078;0.070;0.000;0.412;0.152;0.000;0.010;0.061;0.070;0.077;0.023;0.000;0.322;0.152;0.000;0.009;0.103;0.112;0.077;0.037;0.000;0.378
2056;148.1;1.78;0.000;0.152;0.000;0.000;0.149;0.149;0.079;0.229;0.128;0.737;0.152;0.000;0.030;0.103;0.133;0.078;0.229;0.000;0.593;0.152;0.000;0.009;0.103;0.112;0.078;0.070;0.000;0.412;0.152;0.000;0.010;0.061;0.070;0.077;0.023;0.000;0.322;0.152;0.000;0.009;0.103;0.112;0.077;0.037;0.000;0.378
2057;148.1;1.78;0.000;0.152;0.000;0.000;0.149;0.149;0.079;0.229;0.128;0.737;0.152;0.000;0.030;0.103;0.133;0.078;0.229;0.000;0.593;0.152;0.000;0.009;0.103;0.112;0.078;0.070;0.000;0.412;0.152;0.000;0.010;0.061;0.070;0.077;0.023;0.000;0.322;0.152;0.000;0.009;0.103;0.112;0.077;0.037;0.000;0.378
2058;148.1;1.78;0.000;0.152;0.000;0.000;0.149;0.149;0.079;0.229;0.128;0.737;0.152;0.000;0.030;0.103;0.133;0.078;0.229;0.000;0.593;0.152;0.000;0.009;0.103;0.112;0.078;0.070;0.000;0.412;0.152;0.000;0.010;0.061;0.070;0.077;0.023;0.000;0.322;0.152;0.000;0.009;0.103;0.112;0.077;0.037;0.000;0.378
2059;148.1;1.78;0.000;0.152;0.000;0.000;0.149;0.149;0.079;0.229;0.128;0.737;0.152;0.000;0.030;0.103;0.133;0.078;0.229;0.000;0.593;0.152;0.000;0.009;0.103;0.112;0.078;0.070;0.000;0.412;0.152;0.000;0.010;0.061;0.070;0.077;0.023;0.000;0.322;0.152;0.000;0.009;0.103;0.112;0.077;0.037;0.000;0.378
2060;148.1;1.78;0.000;0.152;0.000;0.000;0.149;0.149;0.079;0.229;0.128;0.737;0.152;0.000;0.030;0.103;0.133;0.078;0.229;0.000;0.593;0.152;0.000;0.009;0.103;0.112;0.078;0.070;0.000;0.412;0.152;0.000;0.010;0.061;0.070;0.077;0.023;0.000;0.322;0.152;0.000;0.009;0.103;0.112;0.077;0.037;0.000;0.378
2061;148.1;1.78;0.000;0.152;0.000;0.000;0.149;0.149;0.079;0.229;0.128;0.737;0.152;0.000;0.030;0.103;0.133;0.078;0.229;0.000;0.593;0.152;0.000;0.009;0.103;0.112;0.078;0.070;0.000;0.412;0.152;0.000;0.010;0.061;0.070;0.077;0.023;0.000;0.322;0.152;0.000;0.009;0.103;0.112;0.077;0.037;0.000;0.378
2062;148.1;1.78;0.000;0.152;0.000;0.000;0.149;0.149;0.079;0.229;0.128;0.737;0.152;0.000;0.030;0.103;0.133;0.078;0.229;0.000;0.593;0.152;0.000;0.009;0.103;0.112;0.078;0.070;0.000;0.412;0.152;0.000;0.010;0.061;0.070;0.077;0.023;0.000;0.322;0.152;0.000;0.009;0.103;0.112;0.077;0.037;0.000;0.378
2063;148.1;1.78;0.000;0.152;0.000;0.000;0.149;0.149;0.079;0.229;0.128;0.737;0.152;0.000;0.030;0.103;0.133;0.078;0.229;0.000;0.593;0.152;0.000;0.009;0.103;0.112;0.078;0.070;0.000;0.412;0.152;0.000;0.010;0.061;0.070;0.077;0.023;0.000;0.322;0.152;0.000;0.009;0.103;0.112;0.077;0.037;0.000;0.378
2064;148.1;1.78;0.000;0.152;0.000;0.000;0.149;0.149;0.079;0.229;0.128;0.737;0.152;0.000;0.030;0.103;0.133;0.078;0.229;0.000;0.593;0.152;0.000;0.009;0.103;0.112;0.078;0.070;0.000;0.412;0.152;0.000;0.010;0.061;0.070;0.077;0.023;0.000;0.322;0.152;0.000;0.009;0.103;0.112;0.077;0.037;0.000;0.378
2065;148.1;1.78;0.000;0.152;0.000;0.000;0.149;0.149;0.079;0.229;0.128;0.737;0.152;0.000;0.030;0.103;0.133;0.078;0.229;0.000;0.593;0.152;0.000;0.009;0.103;0.112;0.078;0.070;0.000;0.412;0.152;0.000;0.010;0.061;0.070;0.077;0.023;0.000;0.322;0.152;0.000;0.009;0.103;0.112;0.077;0.037;0.000;0.378
2066;148.1;1.78;0.000;0.152;0.000;0.000;0.149;0.149;0.079;0.229;0.128;0.737;0.152;0.000;0.030;0.103;0.133;0.078;0.229;0.000;0.593;0.152;0.000;0.009;0.103;0.112;0.078;0.070;0.000;0.412;0.152;0.000;0.010;0.061;0.070;0.077;0.023;0.000;0.322;0.152;0.000;0.009;0.103;0.112;0.077;0.037;0.000;0.378
2067;148.1;1.78;0.000;0.152;0.000;0.000;0.149;0.149;0.079;0.229;0.128;0.737;0.152;0.000;0.030;0.103;0.133;0.078;0.229;0.000;0.593;0.152;0.000;0.009;0.103;0.112;0.078;0.070;0.000;0.412;0.152;0.000;0.010;0.061;0.070;0.077;0.023;0.000;0.322;0.152;0.000;0.009;0.103;0.112;0.077;0.037;0.000;0.378
2068;148.1;1.78;0.000;0.152;0.000;0.000;0.149;0.149;0.079;0.229;0.128;0.737;0.152;0.000;0.030;0.103;0.133;0.078;0.229;0.000;0.593;0.152;0.000;0.009;0.103;0.112;0.078;0.070;0.000;0.412;0.152;0.000;0.010;0.061;0.070;0.077;0.023;0.000;0.322;0.152;0.000;0.009;0.103;0.112;0.077;0.037;0.000;0.378
2069;148.1;1.78;0.000;0.152;0.000;0.000;0.149;0.149;0.079;0.229;0.128;0.737;0.152;0.000;0.030;0.103;0.133;0.078;0.229;0.000;0.593;0.152;0.000;0.009;0.103;0.112;0.078;0.070;0.000;0.412;0.152;0.000;0.010;0.061;0.070;0.077;0.023;0.000;0.322;0.152;0.000;0.009;0.103;0.112;0.077;0.037;0.000;0.378
2070;148.1;1.78;0.000;0.152;0.000;0.000;0.149;0.149;0.079;0.229;0.128;0.737;0.152;0.000;0.030;0.103;0.133;0.078;0.229;0.000;0.593;0.152;0.000;0.009;0.103;0.112;0.078;0.070;0.000;0.412;0.152;0.000;0.010;0.061;0.070;0.077;0.023;0.000;0.322;0.152;0.000;0.009;0.103;0.112;0.077;0.037;0.000;0.378
2071;148.1;1.78;0.000;0.152;0.000;0.000;0.149;0.149;0.079;0.229;0.128;0.737;0.152;0.000;0.030;0.103;0.133;0.078;0.229;0.000;0.593;0.152;0.000;0.009;0.103;0.112;0.078;0.070;0.000;0.412;0.152;0.000;0.010;0.061;0.070;0.077;0.023;0.000;0.322;0.152;0.000;0.009;0.103;0.112;0.077;0.037;0.000;0.378
2072;148.1;1.78;0.000;0.152;0.000;0.000;0.149;0.149;0.079;0.229;0.128;0.737;0.152;0.000;0.030;0.103;0.133;0.078;0.229;0.000;0.593;0.152;0.000;0.009;0.103;0.112;0.078;0.070;0.000;0.412;0.152;0.000;0.010;0.061;0.070;0.077;0.023;0.000;0.322;0.152;0.000;0.009;0.103;0.112;0.077;0.037;0.000;0.378
2073;148.1;1.78;0.000;0.152;0.000;0.000;0.149;0.149;0.079;0.229;0.128;0.737;0.152;0.000;0.030;0.103;0.133;0.078;0.229;0.000;0.593;0.152;0.000;0.009;0.103;0.112;0.078;0.070;0.000;0.412;0.152;0.000;0.010;0.061;0.070;0.077;0.023;0.000;0.322;0.152;0.000;0.009;0.103;0.112;0.077;0.037;0.000;0.378
2074;148.1;1.78;0.000;0.152;0.000;0.000;0.149;0.149;0.079;0.229;0.128;0.737;0.152;0.000;0.030;0.103;0.133;0.078;0.229;0.000;0.593;0.152;0.000;0.009;0.103;0.112;0.078;0.070;0.000;0.412;0.152;0.000;0.010;0.061;0.070;0.077;0.023;0.000;0.322;0.152;0.000;0.009;0.103;0.112;0.077;0.037;0.000;0.378
2075;148.1;1.78;0.000;0.152;0.000;0.000;0.149;0.149;0.079;0.229;0.128;0.737;0.152;0.000;0.030;0.103;0.133;0.078;0.229;0.000;0.593;0.152;0.000;0.009;0.103;0.112;0.078;0.070;0.000;0.412;0.152;0.000;0.010;0.061;0.070;0.077;0.023;0.000;0.322;0.152;0.000;0.009;0.103;0.112;0.077;0.037;0.000;0.378
2076;148.1;1.78;0.000;0.152;0.000;0.000;0.149;0.149;0.079;0.229;0.128;0.737;0.152;0.000;0.030;0.103;0.133;0.078;0.229;0.000;0.593;0.152;0.000;0.009;0.103;0.112;0.078;0.070;0.000;0.412;0.152;0.000;0.010;0.061;0.070;0.077;0.023;0.000;0.322;0.152;0.000;0.009;0.103;0.112;0.077;0.037;0.000;0.378
2077;148.1;1.78;0.000;0.152;0.000;0.000;0.149;0.149;0.079;0.229;0.128;0.737;0.152;0.000;0.030;0.103;0.133;0.078;0.229;0.000;0.593;0.152;0.000;0.009;0.103;0.112;0.078;0.070;0.000;0.412;0.152;0.000;0.010;0.061;0.070;0.077;0.023;0.000;0.322;0.152;0.000;0.009;0.103;0.112;0.077;0.037;0.000;0.378
2078;148.1;1.78;0.000;0.152;0.000;0.000;0.149;0.149;0.079;0.229;0.128;0.737;0.152;0.000;0.030;0.103;0.133;0.078;0.229;0.000;0.593;0.152;0.000;0.009;0.103;0.112;0.078;0.070;0.000;0.412;0.152;0.000;0.010;0.061;0.070;0.077;0.023;0.000;0.322;0.152;0.000;0.009;0.103;0.112;0.077;0.037;0.000;0.378
2079;148.1;1.78;0.000;0.152;0.000;0.000;0.149;0.149;0.079;0.229;0.128;0.737;0.152;0.000;0.030;0.103;0.133;0.078;0.229;0.000;0.593;0.152;0.000;0.009;0.103;0.112;0.078;0.070;0.000;0.412;0.152;0.000;0.010;0.061;0.070;0.077;0.023;0.000;0.322;0.152;0.000;0.009;0.103;0.112;0.077;0.037;0.000;0.378
2080;148.1;1.78;0.000;0.152;0.000;0.000;0.149;0.149;0.079;0.229;0.128;0.737;0.152;0.000;0.030;0.103;0.133;0.078;0.229;0.000;0.593;0.152;0.000;0.009;0.103;0.112;0.078;0.070;0.000;0.412;0.152;0.000;0.010;0.061;0.070;0.077;0.023;0.000;0.322;0.152;0.000;0.009;0.103;0.112;0.077;0.037;0.000;0.378
