type_str;bouwjaar_str;eigendom_str;Vrv_N_asl;Vrv_N_opp;Vrv_G_asl;Vrv_G_opp;Vrv_F_asl;Vrv_F_opp;Vrv_E_asl;Vrv_E_opp;Vrv_D_asl;Vrv_D_opp;Vrv_C_asl;Vrv_C_opp;Vrv_B_asl;Vrv_B_opp;Vrv_A_asl;Vrv_A_opp;Vvt_asl;Vvt_opp;Vtw_asl;Vtw_opp;Vea_asl;Vea_opp;Vkd_asl;Vkd_opp;freq_label_A;freq_label_B;freq_label_C;freq_label_D;freq_label_E;freq_label_F;freq_label_G;freq_LWP;freq_BWP;freq_HWP
Vrijstaand;voor 1930;koop;37.65489056;0.118592626;33.82104378;0.144609233;35.0805779;0.144609233;32.6518477;0.144609233;31.2434822;0.144609233;28.77834979;0.144609233;26.2192775;0.144609233;23.19181842;0.144609233;0;0.0066;8.5;0;9.7;0;0;0.01296;0.07;0.06;0.32;0.16;0.24;0.14;0;0.0001;0;0.0355
Vrijstaand;voor 1930;parthuur;37.50838487;0.12589668;37.62504474;0.130845355;42.06582497;0.130845355;36.66213935;0.130845355;31.25845373;0.130845355;31.25845373;0.130845355;31.25845373;0.130845355;31.25845373;0.130845355;0;0.0066;8.5;0;9.7;0;0;0.01296;0.07;0.06;0.32;0.16;0.24;0.14;0;0;0;0.0549
Vrijstaand;voor 1930;wooncorp;26.62059325;0.179785728;33.82104378;0.144609233;35.0805779;0.144609233;32.6518477;0.144609233;31.2434822;0.144609233;28.77834979;0.144609233;26.2192775;0.144609233;23.19181842;0.144609233;0;0.0066;8.5;0;9.7;0;0;0.01296;0.07;0.06;0.32;0.16;0.24;0.14;0;0.0036;0;0.3372
Vrijstaand;1930 - 1945;koop;39.2793916;0.117676109;36.08560157;0.140221271;37.15980671;0.140221271;34.35624116;0.140221271;31.60404477;0.140221271;29.83340873;0.140221271;28.38712246;0.140221271;23.90882007;0.140221271;0;0.0066;8.5;0;9.7;0;0;0.01296;0.07;0.06;0.32;0.16;0.24;0.14;0;0.0001;0;0.0197
Vrijstaand;1930 - 1945;parthuur;38.87982812;0.133050616;38.9057839;0.123658867;36.13153109;0.123658867;35.48872899;0.123658867;34.84592689;0.123658867;34.84592689;0.123658867;34.84592689;0.123658867;34.84592689;0.123658867;0;0.0066;8.5;0;9.7;0;0;0.01296;0.07;0.06;0.32;0.16;0.24;0.14;0;0;0;0.0216
Vrijstaand;1930 - 1945;wooncorp;39.2793916;0.117676109;36.08560157;0.140221271;37.15980671;0.140221271;34.35624116;0.140221271;31.60404477;0.140221271;29.83340873;0.140221271;28.38712246;0.140221271;23.90882007;0.140221271;0;0.0066;8.5;0;9.7;0;0;0.01296;0.07;0.06;0.32;0.16;0.24;0.14;0;0.0004;0;0.0715
Vrijstaand;1946 - 1964;koop;38.33980012;0.126866408;31.62500429;0.160618671;34.56595553;0.160618671;32.92671113;0.160618671;29.03685118;0.160618671;27.1023184;0.160618671;24.45659985;0.160618671;22.62505991;0.160618671;0;0.0092;8.5;0;9.7;0;0;0.01296;0.07;0.09;0.29;0.24;0.19;0.1;0.01;0.0001;0;0.0197
Vrijstaand;1946 - 1964;parthuur;37.93134573;0.144437874;34.67265025;0.147902885;39.35085012;0.147902885;35.40546438;0.147902885;29.8828952;0.147902885;28.04153076;0.147902885;28.04153076;0.147902885;28.04153076;0.147902885;0;0.0092;8.5;0;9.7;0;0;0.01296;0.07;0.09;0.29;0.24;0.19;0.1;0.01;0;0;0.0216
Vrijstaand;1946 - 1964;wooncorp;39.70535032;0.093032369;35.30034508;0.058872385;35.30034508;0.058872385;36.16223866;0.058872385;36.93736803;0.058872385;32.51896595;0.058872385;32.51896595;0.058872385;32.51896595;0.058872385;0;0.0092;8.5;0;9.7;0;0;0.01296;0.07;0.09;0.29;0.24;0.19;0.1;0.01;0.0004;0;0.0715
Vrijstaand;1965 - 1974;koop;36.51559387;0.139468636;31.67921531;0.16408441;30.62649645;0.16408441;32.63310384;0.16408441;32.72279432;0.16408441;27.13428432;0.16408441;24.38257836;0.16408441;23.26760903;0.16408441;0;0.0098;9.2;0;9.56;0;0;0.01296;0.07;0.09;0.29;0.24;0.19;0.1;0.01;0.0002;0;0.0614
Vrijstaand;1965 - 1974;parthuur;35.22927183;0.15398805;42.88396298;0.12982352;42.88396298;0.12982352;41.71730921;0.12982352;38.12863928;0.12982352;37.03550456;0.12982352;37.03550456;0.12982352;37.03550456;0.12982352;0;0.0098;9.2;0;9.56;0;0;0.01296;0.07;0.09;0.29;0.24;0.19;0.1;0.01;0;0;0.046
Vrijstaand;1965 - 1974;wooncorp;36.51559387;0.139468636;31.67921531;0.16408441;30.62649645;0.16408441;32.63310384;0.16408441;32.72279432;0.16408441;27.13428432;0.16408441;24.38257836;0.16408441;23.26760903;0.16408441;0;0.0098;9.2;0;9.56;0;0;0.01296;0.07;0.09;0.29;0.24;0.19;0.1;0.01;0.0026;0;0.4087
Vrijstaand;1975 - 1991;koop;28.20554847;0.159336913;27.78917434;0.168907942;27.74755392;0.168907942;28.33201258;0.168907942;28.79379747;0.168907942;26.80011224;0.168907942;22.81110821;0.168907942;19.96756424;0.168907942;0;0.0089;9.7;0;9.46;0;0;0.01296;0.16;0.17;0.56;0.1;0.01;0;0;0.0001;0.0038;0.0117
Vrijstaand;1975 - 1991;parthuur;29.40143885;0.157028763;24.65532619;0.169380316;24.65532619;0.169380316;24.65532619;0.169380316;24.65532619;0.169380316;27.95882361;0.169380316;24.59605602;0.169380316;24.59605602;0.169380316;0;0.0089;9.7;0;9.46;0;0;0.01296;0.16;0.17;0.56;0.1;0.01;0;0;0;0;0.002
Vrijstaand;1975 - 1991;wooncorp;28.23545803;0.094469863;27.78917434;0.168907942;27.74755392;0.168907942;28.33201258;0.168907942;28.79379747;0.168907942;26.80011224;0.168907942;22.81110821;0.168907942;19.96756424;0.168907942;0;0.0089;9.7;0;9.46;0;0;0.01296;0.16;0.17;0.56;0.1;0.01;0;0;0.1315;0.1368;1.5106
Vrijstaand;1992 - 1995;koop;21.41845927;0.168144379;18.05626527;0.184041868;18.05626527;0.184041868;18.05626527;0.184041868;18.05626527;0.184041868;18.05626527;0.184041868;18.90431757;0.184041868;17.34615331;0.184041868;0;0;10.6;0;9.28;0;0;0.01296;0.16;0.17;0.56;0.1;0.01;0;0;0.0001;0.0038;0.0117
Vrijstaand;1992 - 1995;parthuur;23.16822189;0.164510491;22.39704935;0.173115787;22.39704935;0.173115787;22.39704935;0.173115787;22.39704935;0.173115787;22.39704935;0.173115787;22.39704935;0.173115787;22.39704935;0.173115787;0;0;10.6;0;9.28;0;0;0.01296;0.16;0.17;0.56;0.1;0.01;0;0;0;0;0.002
Vrijstaand;1992 - 1995;wooncorp;21.41845927;0.168144379;18.05626527;0.184041868;18.05626527;0.184041868;18.05626527;0.184041868;18.05626527;0.184041868;18.05626527;0.184041868;18.90431757;0.184041868;17.34615331;0.184041868;0;0;10.6;0;9.28;0;0;0.01296;0.16;0.17;0.56;0.1;0.01;0;0;0.1315;0.1368;1.5106
Vrijstaand;1996 - 1999;koop;19.63484694;0.162032999;17.54157411;0.178228728;17.54157411;0.178228728;17.54157411;0.178228728;17.54157411;0.178228728;17.54157411;0.178228728;16.29594669;0.178228728;14.5789223;0.178228728;0;0;10.6;0;9.28;0;0;0.01296;0.46;0.33;0.2;0.01;0;0;0;0.0356;0.0314;0.0279
Vrijstaand;1996 - 1999;parthuur;29.33952089;0.131161495;11.0581698;0.216503853;11.0581698;0.216503853;11.0581698;0.216503853;11.0581698;0.216503853;11.0581698;0.216503853;11.0581698;0.216503853;11.0581698;0.216503853;0;0;10.6;0;9.28;0;0;0.01296;0.46;0.33;0.2;0.01;0;0;0;0.0996;0.0509;0.0967
Vrijstaand;1996 - 1999;wooncorp;19.63484694;0.162032999;17.54157411;0.178228728;17.54157411;0.178228728;17.54157411;0.178228728;17.54157411;0.178228728;17.54157411;0.178228728;16.29594669;0.178228728;14.5789223;0.178228728;0;0;10.6;0;9.28;0;0;0.01296;0.46;0.33;0.2;0.01;0;0;0;0.0089;0.032;0.0149
Vrijstaand;2000 - 2005;koop;19.79970393;0.1483778;28.58491387;0.16508736;28.58491387;0.16508736;28.58491387;0.16508736;28.58491387;0.16508736;28.58491387;0.16508736;17.22030074;0.16508736;15.12360861;0.16508736;0;0;10.6;0;9.28;0;0;0.01296;0.46;0.33;0.2;0.01;0;0;0;0.0356;0.0314;0.0279
Vrijstaand;2000 - 2005;parthuur;28.12002729;0.125820807;18.16001192;0.163821657;18.16001192;0.163821657;18.16001192;0.163821657;18.16001192;0.163821657;18.16001192;0.163821657;18.16001192;0.163821657;19.24494262;0.163821657;0;0;10.6;0;9.28;0;0;0.01296;0.46;0.33;0.2;0.01;0;0;0;0.0996;0.0509;0.0967
Vrijstaand;2000 - 2005;wooncorp;41.38725768;0;28.58491387;0.16508736;28.58491387;0.16508736;28.58491387;0.16508736;28.58491387;0.16508736;28.58491387;0.16508736;17.22030074;0.16508736;15.12360861;0.16508736;0;0;10.6;0;9.28;0;0;0.01296;0.46;0.33;0.2;0.01;0;0;0;0.0089;0.032;0.0149
Vrijstaand;2006 - 2010;koop;22.23060788;0.132987275;19.55227456;0.153764553;19.55227456;0.153764553;19.55227456;0.153764553;19.55227456;0.153764553;19.55227456;0.153764553;19.55227456;0.153764553;17.42708539;0.153764553;0;0;10.6;0;9.28;0;0;0.01296;0.46;0.33;0.2;0.01;0;0;0;0.0356;0.0314;0.0279
Vrijstaand;2006 - 2010;parthuur;39.88917512;0.06810763;25.07613274;0.131127306;25.07613274;0.131127306;25.07613274;0.131127306;25.07613274;0.131127306;25.07613274;0.131127306;25.07613274;0.131127306;25.07613274;0.131127306;0;0;10.6;0;9.28;0;0;0.01296;0.46;0.33;0.2;0.01;0;0;0;0.0996;0.0509;0.0967
Vrijstaand;2006 - 2010;wooncorp;22.23060788;0.132987275;19.55227456;0.153764553;19.55227456;0.153764553;19.55227456;0.153764553;19.55227456;0.153764553;19.55227456;0.153764553;19.55227456;0.153764553;17.42708539;0.153764553;0;0;10.6;0;9.28;0;0;0.01296;0.46;0.33;0.2;0.01;0;0;0;0.0089;0.032;0.0149
Vrijstaand;2011 - 2014;koop;20.97255504;0.122080369;14.36583217;0.162338611;14.36583217;0.162338611;14.36583217;0.162338611;14.36583217;0.162338611;14.36583217;0.162338611;14.36583217;0.162338611;14.36583217;0.162338611;0;0;10.6;0;9.28;0;0;0.01296;0.46;0.33;0.2;0.01;0;0;0;0.0356;0.0314;0.0279
Vrijstaand;2011 - 2014;parthuur;23.46722303;0.110383734;8.92208417;0.2057296;8.92208417;0.2057296;8.92208417;0.2057296;8.92208417;0.2057296;8.92208417;0.2057296;8.92208417;0.2057296;8.92208417;0.2057296;0;0;10.6;0;9.28;0;0;0.01296;0.46;0.33;0.2;0.01;0;0;0;0.0996;0.0509;0.0967
Vrijstaand;2011 - 2014;wooncorp;20.97255504;0.122080369;14.36583217;0.162338611;14.36583217;0.162338611;14.36583217;0.162338611;14.36583217;0.162338611;14.36583217;0.162338611;14.36583217;0.162338611;14.36583217;0.162338611;0;0;10.6;0;9.28;0;0;0.01296;0.46;0.33;0.2;0.01;0;0;0;0.0089;0.032;0.0149
Vrijstaand;2015 - 2020;koop;13.52877572;0.135090874;11.89203249;0.146237187;11.89203249;0.146237187;11.89203249;0.146237187;11.89203249;0.146237187;11.89203249;0.146237187;11.89203249;0.146237187;11.89203249;0.146237187;0;0;10.6;0;9.28;0;0;0.01296;0.46;0.33;0.2;0.01;0;0;0;0.0356;0.0314;0.0279
Vrijstaand;2015 - 2020;parthuur;11.05585299;0.14730845;16.8037553;0.125026714;16.8037553;0.125026714;16.8037553;0.125026714;16.8037553;0.125026714;16.8037553;0.125026714;16.8037553;0.125026714;16.8037553;0.125026714;0;0;10.6;0;9.28;0;0;0.01296;0.46;0.33;0.2;0.01;0;0;0;0.0996;0.0509;0.0967
Vrijstaand;2015 - 2020;wooncorp;13.52877572;0.135090874;11.89203249;0.146237187;11.89203249;0.146237187;11.89203249;0.146237187;11.89203249;0.146237187;11.89203249;0.146237187;11.89203249;0.146237187;11.89203249;0.146237187;0;0;10.6;0;9.28;0;0;0.01296;0.46;0.33;0.2;0.01;0;0;0;0.0089;0.032;0.0149
Vrijstaand;2021 - 2030;koop;13.52877572;0.135090874;11.89203249;0.146237187;11.89203249;0.146237187;11.89203249;0.146237187;11.89203249;0.146237187;11.89203249;0.146237187;11.89203249;0.146237187;11.89203249;0.146237187;0;0;7.066666667;0;11.082384;0;0;0.01296;1;0;0;0;0;0;0;0;0;0
Vrijstaand;2021 - 2030;parthuur;11.05585299;0.14730845;16.8037553;0.125026714;16.8037553;0.125026714;16.8037553;0.125026714;16.8037553;0.125026714;16.8037553;0.125026714;16.8037553;0.125026714;16.8037553;0.125026714;0;0;7.066666667;0;11.082384;0;0;0.01296;1;0;0;0;0;0;0;0;0;0
Vrijstaand;2021 - 2030;wooncorp;13.52877572;0.135090874;11.89203249;0.146237187;11.89203249;0.146237187;11.89203249;0.146237187;11.89203249;0.146237187;11.89203249;0.146237187;11.89203249;0.146237187;11.89203249;0.146237187;0;0;7.066666667;0;11.082384;0;0;0.01296;1;0;0;0;0;0;0;0;0;0
Vrijstaand;2031 - 2040;koop;13.52877572;0.135090874;11.89203249;0.146237187;11.89203249;0.146237187;11.89203249;0.146237187;11.89203249;0.146237187;11.89203249;0.146237187;11.89203249;0.146237187;11.89203249;0.146237187;0;0;7.066666667;0;11.082384;0;0;0.01296;1;0;0;0;0;0;0;0;0;0
Vrijstaand;2031 - 2040;parthuur;11.05585299;0.14730845;16.8037553;0.125026714;16.8037553;0.125026714;16.8037553;0.125026714;16.8037553;0.125026714;16.8037553;0.125026714;16.8037553;0.125026714;16.8037553;0.125026714;0;0;7.066666667;0;11.082384;0;0;0.01296;1;0;0;0;0;0;0;0;0;0
Vrijstaand;2031 - 2040;wooncorp;13.52877572;0.135090874;11.89203249;0.146237187;11.89203249;0.146237187;11.89203249;0.146237187;11.89203249;0.146237187;11.89203249;0.146237187;11.89203249;0.146237187;11.89203249;0.146237187;0;0;7.066666667;0;11.082384;0;0;0.01296;1;0;0;0;0;0;0;0;0;0
Vrijstaand;2041 - 2050;koop;13.52877572;0.135090874;11.89203249;0.146237187;11.89203249;0.146237187;11.89203249;0.146237187;11.89203249;0.146237187;11.89203249;0.146237187;11.89203249;0.146237187;11.89203249;0.146237187;0;0;7.066666667;0;11.082384;0;0;0.01296;1;0;0;0;0;0;0;0;0;0
Vrijstaand;2041 - 2050;parthuur;11.05585299;0.14730845;16.8037553;0.125026714;16.8037553;0.125026714;16.8037553;0.125026714;16.8037553;0.125026714;16.8037553;0.125026714;16.8037553;0.125026714;16.8037553;0.125026714;0;0;7.066666667;0;11.082384;0;0;0.01296;1;0;0;0;0;0;0;0;0;0
Vrijstaand;2041 - 2050;wooncorp;13.52877572;0.135090874;11.89203249;0.146237187;11.89203249;0.146237187;11.89203249;0.146237187;11.89203249;0.146237187;11.89203249;0.146237187;11.89203249;0.146237187;11.89203249;0.146237187;0;0;7.066666667;0;11.082384;0;0;0.01296;1;0;0;0;0;0;0;0;0;0
2 onder 1 kap;voor 1930;koop;28.94333002;0.152392352;24.61208073;0.191239429;28.66260969;0.191239429;26.08112313;0.191239429;24.52341819;0.191239429;23.13035176;0.191239429;23.13035176;0.191239429;23.13035176;0.191239429;0;0.0078;7.5;0;9.9;0;0;0.01296;0.04;0.05;0.2;0.3;0.24;0.17;0;0.0001;0;0.0138
2 onder 1 kap;voor 1930;parthuur;30.32387786;0.14715129;20.40662022;0.229025484;18.22821066;0.229025484;16.0498011;0.229025484;16.0498011;0.229025484;16.0498011;0.229025484;16.0498011;0.229025484;16.0498011;0.229025484;0;0.0078;7.5;0;9.9;0;0;0.01296;0.04;0.05;0.2;0.3;0.24;0.17;0;0;0;0.0264
2 onder 1 kap;voor 1930;wooncorp;12.57140189;0.30689347;31.38715793;0.114401764;29.13650003;0.114401764;29.01815583;0.114401764;24.61595673;0.114401764;21.13623202;0.114401764;20.42652718;0.114401764;20.03125396;0.114401764;0;0.0078;7.5;0;9.9;0;0;0.01296;0.04;0.05;0.2;0.3;0.24;0.17;0;0.0002;0;0.0301
2 onder 1 kap;1930 - 1945;koop;27.34877074;0.172711599;23.21996198;0.200914917;22.92769807;0.200914917;25.0317684;0.200914917;27.42253126;0.200914917;20.49858585;0.200914917;20.49858585;0.200914917;20.49858585;0.200914917;0;0.0078;7.5;0;9.9;0;0;0.01296;0.04;0.05;0.2;0.3;0.24;0.17;0;0.0001;0;0.0109
2 onder 1 kap;1930 - 1945;parthuur;28.79419303;0.182439849;31.1935522;0.176542686;31.1935522;0.176542686;31.1935522;0.176542686;31.1935522;0.176542686;31.1935522;0.176542686;31.1935522;0.176542686;31.1935522;0.176542686;0;0.0078;7.5;0;9.9;0;0;0.01296;0.04;0.05;0.2;0.3;0.24;0.17;0;0;0;0.0146
2 onder 1 kap;1930 - 1945;wooncorp;28.53399514;0.134672382;33.6270574;0.077783302;35.70151407;0.077783302;31.5811137;0.077783302;28.78263752;0.077783302;27.27186403;0.077783302;27.65188887;0.077783302;20.93421329;0.077783302;0;0.0078;7.5;0;9.9;0;0;0.01296;0.04;0.05;0.2;0.3;0.24;0.17;0;0.0005;0;0.0339
2 onder 1 kap;1946 - 1964;koop;28.52564241;0.146473751;16.23200378;0.223803405;17.08846934;0.223803405;20.10788597;0.223803405;15.81550539;0.223803405;16.47499285;0.223803405;16.47499285;0.223803405;16.47499285;0.223803405;0;0.0095;7.5;0;9.9;0;0;0.01296;0.02;0.02;0.53;0.38;0.04;0;0;0.0001;0;0.0109
2 onder 1 kap;1946 - 1964;parthuur;30.31704893;0.155877323;35.25591232;0.112974765;36.1973203;0.112974765;32.08390811;0.112974765;32.08390811;0.112974765;32.08390811;0.112974765;32.08390811;0.112974765;32.08390811;0.112974765;0;0.0095;7.5;0;9.9;0;0;0.01296;0.02;0.02;0.53;0.38;0.04;0;0;0;0;0.0146
2 onder 1 kap;1946 - 1964;wooncorp;28.53078482;0.106220676;31.57365568;0.113201424;31.90279523;0.113201424;28.83755516;0.113201424;24.96114269;0.113201424;21.95564451;0.113201424;21.61635651;0.113201424;18.35049974;0.113201424;0;0.0095;7.5;0;9.9;0;0;0.01296;0.02;0.02;0.53;0.38;0.04;0;0;0.0005;0;0.0339
2 onder 1 kap;1965 - 1974;koop;23.43687084;0.180895011;28.63369212;0.16687051;28.63369212;0.16687051;28.63369212;0.16687051;21.55118127;0.16687051;18.72191013;0.16687051;18.72191013;0.16687051;18.72191013;0.16687051;0;0.0106;8.2;0;9.77;0;0;0.01296;0.02;0.02;0.53;0.38;0.04;0;0;0.0003;0;0.048
2 onder 1 kap;1965 - 1974;parthuur;32.80539802;0.139847163;22.56413593;0.188179402;22.56413593;0.188179402;22.56413593;0.188179402;22.56413593;0.188179402;16.89690597;0.188179402;16.89690597;0.188179402;16.89690597;0.188179402;0;0.0106;8.2;0;9.77;0;0;0.01296;0.02;0.02;0.53;0.38;0.04;0;0;0;0;0.0505
2 onder 1 kap;1965 - 1974;wooncorp;18.19233737;0.161015394;30.58441381;0.132987985;29.61784185;0.132987985;26.99839998;0.132987985;24.89479953;0.132987985;20.63090269;0.132987985;18.49265872;0.132987985;17.73345571;0.132987985;0;0.0106;8.2;0;9.77;0;0;0.01296;0.02;0.02;0.53;0.38;0.04;0;0;0.0018;0;0.1732
2 onder 1 kap;1975 - 1991;koop;16.89553418;0.190023977;7.410715751;0.264840077;7.410715751;0.264840077;7.410715751;0.264840077;7.410715751;0.264840077;7.410715751;0.264840077;4.844106255;0.264840077;4.844106255;0.264840077;0;0.0072;8.2;0;9.77;0;0;0.01296;0.14;0.25;0.55;0.03;0.02;0;0;0.0016;0;0.0139
2 onder 1 kap;1975 - 1991;parthuur;23.94721627;0.158563857;22.55850091;0.164979919;22.55850091;0.164979919;22.55850091;0.164979919;22.55850091;0.164979919;22.55850091;0.164979919;13.67165002;0.164979919;13.67165002;0.164979919;0;0.0072;8.2;0;9.77;0;0;0.01296;0.14;0.25;0.55;0.03;0.02;0;0;0;0;0.0104
2 onder 1 kap;1975 - 1991;wooncorp;16.48378518;0.162448981;30.34326304;0.13783158;30.34326304;0.13783158;30.34326304;0.13783158;26.44131688;0.13783158;22.49686182;0.13783158;18.77611188;0.13783158;15.49243507;0.13783158;0;0.0072;8.2;0;9.77;0;0;0.01296;0.14;0.25;0.55;0.03;0.02;0;0;0.0015;0;0.1088
2 onder 1 kap;1992 - 1995;koop;15.85799411;0.164871418;29.8326792;0.055594216;29.8326792;0.055594216;29.8326792;0.055594216;29.8326792;0.055594216;29.8326792;0.055594216;29.8326792;0.055594216;29.8326792;0.055594216;0;0;8.6;0;9.68;0;0;0.01296;0.14;0.25;0.55;0.03;0.02;0;0;0.0016;0;0.0139
2 onder 1 kap;1992 - 1995;parthuur;24.51230563;0.13371266;36.19155674;0;36.19155674;0;36.19155674;0;36.19155674;0;36.19155674;0;36.19155674;0;36.19155674;0;0;0;8.6;0;9.68;0;0;0.01296;0.14;0.25;0.55;0.03;0.02;0;0;0;0;0.0104
2 onder 1 kap;1992 - 1995;wooncorp;15.85799411;0.164871418;21.58332865;0.076207507;21.58332865;0.076207507;21.58332865;0.076207507;21.58332865;0.076207507;21.58332865;0.076207507;21.58332865;0.076207507;20.33517742;0.076207507;0;0;8.6;0;9.68;0;0;0.01296;0.14;0.25;0.55;0.03;0.02;0;0;0.0015;0;0.1088
2 onder 1 kap;1996 - 1999;koop;14.51862535;0.160740889;23.9585657;0.020997931;23.9585657;0.020997931;23.9585657;0.020997931;23.9585657;0.020997931;23.9585657;0.020997931;23.9585657;0.020997931;23.99272428;0.020997931;0;0;8.6;0;9.68;0;0;0.01296;0.5;0.39;0.1;0.01;0;0;0;0.1184;0.0586;0.0141
2 onder 1 kap;1996 - 1999;parthuur;24.35861389;0.118444998;19.17886364;0.129702729;19.17886364;0.129702729;19.17886364;0.129702729;19.17886364;0.129702729;19.17886364;0.129702729;19.17886364;0.129702729;19.17886364;0.129702729;0;0;8.6;0;9.68;0;0;0.01296;0.5;0.39;0.1;0.01;0;0;0;0.5307;0.1042;0.0234
2 onder 1 kap;1996 - 1999;wooncorp;14.51862535;0.160740889;23.9585657;0.020997931;23.9585657;0.020997931;23.9585657;0.020997931;23.9585657;0.020997931;23.9585657;0.020997931;23.9585657;0.020997931;23.99272428;0.020997931;0;0;8.6;0;9.68;0;0;0.01296;0.5;0.39;0.1;0.01;0;0;0;0.1254;0.045;0.0049
2 onder 1 kap;2000 - 2005;koop;14.32400692;0.142195593;15.99822083;0.117752515;15.99822083;0.117752515;15.99822083;0.117752515;15.99822083;0.117752515;15.99822083;0.117752515;15.99822083;0.117752515;15.99822083;0.117752515;0;0;8.6;0;9.68;0;0;0.01296;0.5;0.39;0.1;0.01;0;0;0;0.1184;0.0586;0.0141
2 onder 1 kap;2000 - 2005;parthuur;20.88226415;0.112355123;12.80789991;0.117406429;12.80789991;0.117406429;12.80789991;0.117406429;12.80789991;0.117406429;12.80789991;0.117406429;12.80789991;0.117406429;12.80789991;0.117406429;0;0;8.6;0;9.68;0;0;0.01296;0.5;0.39;0.1;0.01;0;0;0;0.5307;0.1042;0.0234
2 onder 1 kap;2000 - 2005;wooncorp;14.32400692;0.142195593;17.22777607;0.083609744;17.22777607;0.083609744;17.22777607;0.083609744;17.22777607;0.083609744;17.22777607;0.083609744;17.22777607;0.083609744;17.22777607;0.083609744;0;0;8.6;0;9.68;0;0;0.01296;0.5;0.39;0.1;0.01;0;0;0;0.1254;0.045;0.0049
2 onder 1 kap;2006 - 2010;koop;15.46092821;0.124473937;15.28260235;0.110056512;15.28260235;0.110056512;15.28260235;0.110056512;15.28260235;0.110056512;15.28260235;0.110056512;15.28260235;0.110056512;15.28260235;0.110056512;0;0;8.6;0;9.68;0;0;0.01296;0.5;0.39;0.1;0.01;0;0;0;0.1184;0.0586;0.0141
2 onder 1 kap;2006 - 2010;parthuur;16.9550121;0.140813922;19.89723442;0.078517463;19.89723442;0.078517463;19.89723442;0.078517463;19.89723442;0.078517463;19.89723442;0.078517463;19.89723442;0.078517463;19.89723442;0.078517463;0;0;8.6;0;9.68;0;0;0.01296;0.5;0.39;0.1;0.01;0;0;0;0.5307;0.1042;0.0234
2 onder 1 kap;2006 - 2010;wooncorp;8.768563507;0.150322217;20.323161;0.050873005;20.323161;0.050873005;20.323161;0.050873005;20.323161;0.050873005;20.323161;0.050873005;20.323161;0.050873005;20.323161;0.050873005;0;0;8.6;0;9.68;0;0;0.01296;0.5;0.39;0.1;0.01;0;0;0;0.1254;0.045;0.0049
2 onder 1 kap;2011 - 2014;koop;12.94093526;0.124637655;5.791651118;0.138985367;5.791651118;0.138985367;5.791651118;0.138985367;5.791651118;0.138985367;5.791651118;0.138985367;5.791651118;0.138985367;5.791651118;0.138985367;0;0;8.6;0;9.68;0;0;0.01296;0.5;0.39;0.1;0.01;0;0;0;0.1184;0.0586;0.0141
2 onder 1 kap;2011 - 2014;parthuur;15.96133707;0.114211759;9.490479789;0.116953689;9.490479789;0.116953689;9.490479789;0.116953689;9.490479789;0.116953689;9.490479789;0.116953689;9.490479789;0.116953689;9.490479789;0.116953689;0;0;8.6;0;9.68;0;0;0.01296;0.5;0.39;0.1;0.01;0;0;0;0.5307;0.1042;0.0234
2 onder 1 kap;2011 - 2014;wooncorp;12.94093526;0.124637655;24.46342756;0;24.46342756;0;24.46342756;0;24.46342756;0;24.46342756;0;24.46342756;0;24.46342756;0;0;0;8.6;0;9.68;0;0;0.01296;0.5;0.39;0.1;0.01;0;0;0;0.1254;0.045;0.0049
2 onder 1 kap;2015 - 2020;koop;11.40868565;0.120093841;6.811272959;0.142840714;6.811272959;0.142840714;6.811272959;0.142840714;6.811272959;0.142840714;6.811272959;0.142840714;6.811272959;0.142840714;6.811272959;0.142840714;0;0;8.6;0;9.68;0;0;0.01296;0.5;0.39;0.1;0.01;0;0;0;0.1184;0.0586;0.0141
2 onder 1 kap;2015 - 2020;parthuur;6.01039352;0.160608851;0.989807418;0.168718979;0.989807418;0.168718979;0.989807418;0.168718979;0.989807418;0.168718979;0.989807418;0.168718979;0.989807418;0.168718979;0.989807418;0.168718979;0;0;8.6;0;9.68;0;0;0.01296;0.5;0.39;0.1;0.01;0;0;0;0.5307;0.1042;0.0234
2 onder 1 kap;2015 - 2020;wooncorp;11.40868565;0.120093841;12.34330875;0.065991525;12.34330875;0.065991525;12.34330875;0.065991525;12.34330875;0.065991525;12.34330875;0.065991525;12.34330875;0.065991525;12.34330875;0.065991525;0;0;8.6;0;9.68;0;0;0.01296;0.5;0.39;0.1;0.01;0;0;0;0.1254;0.045;0.0049
2 onder 1 kap;2021 - 2030;koop;11.40868565;0.120093841;6.811272959;0.142840714;6.811272959;0.142840714;6.811272959;0.142840714;6.811272959;0.142840714;6.811272959;0.142840714;6.811272959;0.142840714;6.811272959;0.142840714;0;0;5.733333333;0;11.485584;0;0;0.01296;1;0;0;0;0;0;0;0;0;0
2 onder 1 kap;2021 - 2030;parthuur;6.01039352;0.160608851;0.989807418;0.168718979;0.989807418;0.168718979;0.989807418;0.168718979;0.989807418;0.168718979;0.989807418;0.168718979;0.989807418;0.168718979;0.989807418;0.168718979;0;0;5.733333333;0;11.485584;0;0;0.01296;1;0;0;0;0;0;0;0;0;0
2 onder 1 kap;2021 - 2030;wooncorp;11.40868565;0.120093841;12.34330875;0.065991525;12.34330875;0.065991525;12.34330875;0.065991525;12.34330875;0.065991525;12.34330875;0.065991525;12.34330875;0.065991525;12.34330875;0.065991525;0;0;5.733333333;0;11.485584;0;0;0.01296;1;0;0;0;0;0;0;0;0;0
2 onder 1 kap;2031 - 2040;koop;11.40868565;0.120093841;6.811272959;0.142840714;6.811272959;0.142840714;6.811272959;0.142840714;6.811272959;0.142840714;6.811272959;0.142840714;6.811272959;0.142840714;6.811272959;0.142840714;0;0;5.733333333;0;11.485584;0;0;0.01296;1;0;0;0;0;0;0;0;0;0
2 onder 1 kap;2031 - 2040;parthuur;6.01039352;0.160608851;0.989807418;0.168718979;0.989807418;0.168718979;0.989807418;0.168718979;0.989807418;0.168718979;0.989807418;0.168718979;0.989807418;0.168718979;0.989807418;0.168718979;0;0;5.733333333;0;11.485584;0;0;0.01296;1;0;0;0;0;0;0;0;0;0
2 onder 1 kap;2031 - 2040;wooncorp;11.40868565;0.120093841;12.34330875;0.065991525;12.34330875;0.065991525;12.34330875;0.065991525;12.34330875;0.065991525;12.34330875;0.065991525;12.34330875;0.065991525;12.34330875;0.065991525;0;0;5.733333333;0;11.485584;0;0;0.01296;1;0;0;0;0;0;0;0;0;0
2 onder 1 kap;2041 - 2050;koop;11.40868565;0.120093841;6.811272959;0.142840714;6.811272959;0.142840714;6.811272959;0.142840714;6.811272959;0.142840714;6.811272959;0.142840714;6.811272959;0.142840714;6.811272959;0.142840714;0;0;5.733333333;0;11.485584;0;0;0.01296;1;0;0;0;0;0;0;0;0;0
2 onder 1 kap;2041 - 2050;parthuur;6.01039352;0.160608851;0.989807418;0.168718979;0.989807418;0.168718979;0.989807418;0.168718979;0.989807418;0.168718979;0.989807418;0.168718979;0.989807418;0.168718979;0.989807418;0.168718979;0;0;5.733333333;0;11.485584;0;0;0.01296;1;0;0;0;0;0;0;0;0;0
2 onder 1 kap;2041 - 2050;wooncorp;11.40868565;0.120093841;12.34330875;0.065991525;12.34330875;0.065991525;12.34330875;0.065991525;12.34330875;0.065991525;12.34330875;0.065991525;12.34330875;0.065991525;12.34330875;0.065991525;0;0;5.733333333;0;11.485584;0;0;0.01296;1;0;0;0;0;0;0;0;0;0
rijwoning hoek;voor 1930;koop;26.07386088;0.180718708;19.51285051;0.218521945;18.9385473;0.218521945;20.93008966;0.218521945;18.48108314;0.218521945;16.93741612;0.218521945;16.93741612;0.218521945;16.93741612;0.218521945;0;0.0081;7.1;0;9.98;0;0;0.01296;0.04;0.01;0.21;0.27;0.31;0.16;0;0;0;0
rijwoning hoek;voor 1930;parthuur;26.16370073;0.183029929;23.4578321;0.213880546;22.23707994;0.213880546;19.447391;0.213880546;12.81617974;0.213880546;12.81617974;0.213880546;12.81617974;0.213880546;12.81617974;0.213880546;0;0.0081;7.1;0;9.98;0;0;0.01296;0.04;0.01;0.21;0.27;0.31;0.16;0;0;0;0
rijwoning hoek;voor 1930;wooncorp;25.50212558;0.149241648;30.77333292;0.117904322;28.35582844;0.117904322;25.97989335;0.117904322;22.86487693;0.117904322;22.29710543;0.117904322;20.84328131;0.117904322;18.85807975;0.117904322;0;0.0081;7.1;0;9.98;0;0;0.01296;0.04;0.01;0.21;0.27;0.31;0.16;0;0;0;0
rijwoning hoek;1930 - 1945;koop;24.70031022;0.202489499;23.74056106;0.221357807;22.66984868;0.221357807;20.67283146;0.221357807;23.17951669;0.221357807;18.08831459;0.221357807;18.08831459;0.221357807;18.08831459;0.221357807;0;0.0081;7.1;0;9.98;0;0;0.01296;0.04;0.01;0.21;0.27;0.31;0.16;0;0;0;0
rijwoning hoek;1930 - 1945;parthuur;31.1534134;0.16701026;34.37294581;0.148272777;34.37294581;0.148272777;34.37294581;0.148272777;34.37294581;0.148272777;34.37294581;0.148272777;34.37294581;0.148272777;34.37294581;0.148272777;0;0.0081;7.1;0;9.98;0;0;0.01296;0.04;0.01;0.21;0.27;0.31;0.16;0;0;0;0
rijwoning hoek;1930 - 1945;wooncorp;26.97032074;0.146408536;34.04249316;0.095628469;31.58048794;0.095628469;29.61749641;0.095628469;24.85482195;0.095628469;23.15520646;0.095628469;23.18839538;0.095628469;21.20491908;0.095628469;0;0.0081;7.1;0;9.98;0;0;0.01296;0.04;0.01;0.21;0.27;0.31;0.16;0;0;0;0
rijwoning hoek;1946 - 1964;koop;25.23779802;0.172543248;18.37141581;0.210269138;22.33278405;0.210269138;19.26994051;0.210269138;18.14926175;0.210269138;15.0743412;0.210269138;15.0743412;0.210269138;15.0743412;0.210269138;0;0.0077;6.4;0;10.13;0;0;0.01296;0;0.05;0.35;0.37;0.17;0.06;0.01;0;0;0
rijwoning hoek;1946 - 1964;parthuur;32.86339716;0.145399931;23.69283315;0.2210808;23.32903383;0.2210808;18.43691762;0.2210808;16.76498971;0.2210808;14.17879974;0.2210808;14.17879974;0.2210808;14.17879974;0.2210808;0;0.0077;6.4;0;10.13;0;0;0.01296;0;0.05;0.35;0.37;0.17;0.06;0.01;0;0;0
rijwoning hoek;1946 - 1964;wooncorp;27.21009381;0.099572069;30.66404368;0.125716029;30.53781729;0.125716029;27.40107019;0.125716029;23.61275232;0.125716029;20.73702927;0.125716029;19.82678564;0.125716029;17.29485123;0.125716029;0;0.0077;6.4;0;10.13;0;0;0.01296;0;0.05;0.35;0.37;0.17;0.06;0.01;0;0;0
rijwoning hoek;1965 - 1974;koop;21.78799907;0.18316688;13.26544232;0.236134482;13.26544232;0.236134482;13.26544232;0.236134482;14.33668975;0.236134482;10.91777807;0.236134482;10.4747185;0.236134482;10.4747185;0.236134482;0;0.0075;7.3;0;9.94;0;0;0.01296;0;0.05;0.35;0.37;0.17;0.06;0.01;0;0;0
rijwoning hoek;1965 - 1974;parthuur;24.60896217;0.185624113;29.5551912;0.167942342;29.5551912;0.167942342;26.68225666;0.167942342;25.39973956;0.167942342;21.19666463;0.167942342;13.95424194;0.167942342;13.67047226;0.167942342;0;0.0075;7.3;0;9.94;0;0;0.01296;0;0.05;0.35;0.37;0.17;0.06;0.01;0;0;0
rijwoning hoek;1965 - 1974;wooncorp;22.28320607;0.128582425;27.14708219;0.150319562;27.38701315;0.150319562;24.88090051;0.150319562;22.92972854;0.150319562;19.59084957;0.150319562;16.0958488;0.150319562;14.82829374;0.150319562;0;0.0075;7.3;0;9.94;0;0;0.01296;0;0.05;0.35;0.37;0.17;0.06;0.01;0.0168;0.0009;0.0008
rijwoning hoek;1975 - 1991;koop;10.29381918;0.228467335;8.254333401;0.256553327;8.254333401;0.256553327;8.254333401;0.256553327;8.254333401;0.256553327;6.078640557;0.256553327;4.434071077;0.256553327;4.434071077;0.256553327;0;0.0037;7.3;0;9.94;0;0;0.01296;0.14;0.28;0.55;0.02;0.01;0;0;0;0;0
rijwoning hoek;1975 - 1991;parthuur;17.41199322;0.193584042;12.08093349;0.24572104;12.08093349;0.24572104;12.08093349;0.24572104;11.09190372;0.24572104;8.796123425;0.24572104;4.966743804;0.24572104;1.376704108;0.24572104;0;0.0037;7.3;0;9.94;0;0;0.01296;0.14;0.28;0.55;0.02;0.01;0;0;0;0;0
rijwoning hoek;1975 - 1991;wooncorp;10.8277113;0.209914001;21.96875779;0.186070284;21.96875779;0.186070284;21.96875779;0.186070284;17.77815746;0.186070284;14.81346609;0.186070284;11.93112461;0.186070284;9.821352937;0.186070284;0;0.0037;7.3;0;9.94;0;0;0.01296;0.14;0.28;0.55;0.02;0.01;0;0;0;0;0
rijwoning hoek;1992 - 1995;koop;9.970416968;0.202466857;15.45304479;0.140694242;15.45304479;0.140694242;15.45304479;0.140694242;15.45304479;0.140694242;15.45304479;0.140694242;15.45304479;0.140694242;15.45304479;0.140694242;0;0;7.7;0;9.86;0;0;0.01296;0.14;0.28;0.55;0.02;0.01;0;0;0;0;0
rijwoning hoek;1992 - 1995;parthuur;24.07867575;0.116958965;10.95927555;0.201249864;10.95927555;0.201249864;10.95927555;0.201249864;10.95927555;0.201249864;10.95927555;0.201249864;8.833105495;0.201249864;8.833105495;0.201249864;0;0;7.7;0;9.86;0;0;0.01296;0.14;0.28;0.55;0.02;0.01;0;0;0;0;0
rijwoning hoek;1992 - 1995;wooncorp;14.50308295;0.135092426;15.40020208;0.124923652;15.40020208;0.124923652;15.40020208;0.124923652;15.40020208;0.124923652;15.40020208;0.124923652;14.87245924;0.124923652;14.28409853;0.124923652;0;0;7.7;0;9.86;0;0;0.01296;0.14;0.28;0.55;0.02;0.01;0;0;0;0;0
rijwoning hoek;1996 - 1999;koop;8.739976131;0.192241864;4.4903538;0.223943698;4.4903538;0.223943698;4.4903538;0.223943698;4.4903538;0.223943698;4.4903538;0.223943698;4.4903538;0.223943698;4.4903538;0.223943698;0;0;7.7;0;9.86;0;0;0.01296;0;0.77;0.23;0;0;0;0;0.0702;0.0334;0.0027
rijwoning hoek;1996 - 1999;parthuur;19.40485794;0.139515394;22.04349503;0.085417149;22.04349503;0.085417149;22.04349503;0.085417149;22.04349503;0.085417149;22.04349503;0.085417149;22.04349503;0.085417149;17.30088062;0.085417149;0;0;7.7;0;9.86;0;0;0.01296;0;0.77;0.23;0;0;0;0;0.2117;0.0318;0.0089
rijwoning hoek;1996 - 1999;wooncorp;5.271730944;0.202922775;16.20447227;0.134609144;16.20447227;0.134609144;16.20447227;0.134609144;16.20447227;0.134609144;16.20447227;0.134609144;12.92720586;0.134609144;11.98538283;0.134609144;0;0;7.7;0;9.86;0;0;0.01296;0;0.77;0.23;0;0;0;0;0.1808;0.0451;0.007
rijwoning hoek;2000 - 2005;koop;8.151613047;0.172848498;5.606103144;0.190980594;5.606103144;0.190980594;5.606103144;0.190980594;5.606103144;0.190980594;5.606103144;0.190980594;5.606103144;0.190980594;5.606103144;0.190980594;0;0;7.7;0;9.86;0;0;0.01296;0;0.77;0.23;0;0;0;0;0.0702;0.0334;0.0027
rijwoning hoek;2000 - 2005;parthuur;17.57215652;0.117956361;8.140303238;0.171619719;8.140303238;0.171619719;8.140303238;0.171619719;8.140303238;0.171619719;8.140303238;0.171619719;8.140303238;0.171619719;8.140303238;0.171619719;0;0;7.7;0;9.86;0;0;0.01296;0;0.77;0.23;0;0;0;0;0.2117;0.0318;0.0089
rijwoning hoek;2000 - 2005;wooncorp;12.53129655;0.11485435;14.67810658;0.110381381;14.67810658;0.110381381;14.67810658;0.110381381;14.67810658;0.110381381;14.67810658;0.110381381;14.67810658;0.110381381;13.69833095;0.110381381;0;0;7.7;0;9.86;0;0;0.01296;0;0.77;0.23;0;0;0;0;0.1808;0.0451;0.007
rijwoning hoek;2006 - 2010;koop;9.719081044;0.152006654;9.844876786;0.129205967;9.844876786;0.129205967;9.844876786;0.129205967;9.844876786;0.129205967;9.844876786;0.129205967;9.844876786;0.129205967;9.844876786;0.129205967;0;0;7.7;0;9.86;0;0;0.01296;0;0.77;0.23;0;0;0;0;0.0702;0.0334;0.0027
rijwoning hoek;2006 - 2010;parthuur;18.80042064;0.103274841;21.94941508;0.047866349;21.94941508;0.047866349;21.94941508;0.047866349;21.94941508;0.047866349;21.94941508;0.047866349;21.94941508;0.047866349;21.94941508;0.047866349;0;0;7.7;0;9.86;0;0;0.01296;0;0.77;0.23;0;0;0;0;0.2117;0.0318;0.0089
rijwoning hoek;2006 - 2010;wooncorp;18.16358197;0.076337345;14.77704787;0.100969571;14.77704787;0.100969571;14.77704787;0.100969571;14.77704787;0.100969571;14.77704787;0.100969571;14.77704787;0.100969571;14.77704787;0.100969571;0;0;7.7;0;9.86;0;0;0.01296;0;0.77;0.23;0;0;0;0;0.1808;0.0451;0.007
rijwoning hoek;2011 - 2014;koop;3.908877014;0.175131752;1.132900969;0.196709863;1.132900969;0.196709863;1.132900969;0.196709863;1.132900969;0.196709863;1.132900969;0.196709863;1.132900969;0.196709863;1.132900969;0.196709863;0;0;7.7;0;9.86;0;0;0.01296;0;0.77;0.23;0;0;0;0;0.0702;0.0334;0.0027
rijwoning hoek;2011 - 2014;parthuur;12.18754429;0.120853984;11.66383039;0.100198718;11.66383039;0.100198718;11.66383039;0.100198718;11.66383039;0.100198718;11.66383039;0.100198718;11.66383039;0.100198718;11.66383039;0.100198718;0;0;7.7;0;9.86;0;0;0.01296;0;0.77;0.23;0;0;0;0;0.2117;0.0318;0.0089
rijwoning hoek;2011 - 2014;wooncorp;16.7712202;0.050718885;10.88521759;0.100364185;10.88521759;0.100364185;10.88521759;0.100364185;10.88521759;0.100364185;10.88521759;0.100364185;10.88521759;0.100364185;10.88521759;0.100364185;0;0;7.7;0;9.86;0;0;0.01296;0;0.77;0.23;0;0;0;0;0.1808;0.0451;0.007
rijwoning hoek;2015 - 2020;koop;5.11581123;0.153554042;3.522365996;0.156315896;3.522365996;0.156315896;3.522365996;0.156315896;3.522365996;0.156315896;3.522365996;0.156315896;3.522365996;0.156315896;3.522365996;0.156315896;0;0;7.7;0;9.86;0;0;0.01296;0;0.77;0.23;0;0;0;0;0.0702;0.0334;0.0027
rijwoning hoek;2015 - 2020;parthuur;2.265537935;0.177732383;2.196141788;0.160774329;2.196141788;0.160774329;2.196141788;0.160774329;2.196141788;0.160774329;2.196141788;0.160774329;2.196141788;0.160774329;2.196141788;0.160774329;0;0;7.7;0;9.86;0;0;0.01296;0;0.77;0.23;0;0;0;0;0.2117;0.0318;0.0089
rijwoning hoek;2015 - 2020;wooncorp;17.14476647;0;9.495531459;0.090770127;9.495531459;0.090770127;9.495531459;0.090770127;9.495531459;0.090770127;9.495531459;0.090770127;9.495531459;0.090770127;9.495531459;0.090770127;0;0;7.7;0;9.86;0;0;0.01296;0;0.77;0.23;0;0;0;0;0.1808;0.0451;0.007
rijwoning hoek;2021 - 2030;koop;5.11581123;0.153554042;3.522365996;0.156315896;3.522365996;0.156315896;3.522365996;0.156315896;3.522365996;0.156315896;3.522365996;0.156315896;3.522365996;0.156315896;3.522365996;0.156315896;0;0;5.133333333;0;11.667024;0;0;0.01296;1;0;0;0;0;0;0;0;0;0
rijwoning hoek;2021 - 2030;parthuur;2.265537935;0.177732383;2.196141788;0.160774329;2.196141788;0.160774329;2.196141788;0.160774329;2.196141788;0.160774329;2.196141788;0.160774329;2.196141788;0.160774329;2.196141788;0.160774329;0;0;5.133333333;0;11.667024;0;0;0.01296;1;0;0;0;0;0;0;0;0;0
rijwoning hoek;2021 - 2030;wooncorp;17.14476647;0;9.495531459;0.090770127;9.495531459;0.090770127;9.495531459;0.090770127;9.495531459;0.090770127;9.495531459;0.090770127;9.495531459;0.090770127;9.495531459;0.090770127;0;0;5.133333333;0;11.667024;0;0;0.01296;1;0;0;0;0;0;0;0;0;0
rijwoning hoek;2031 - 2040;koop;5.11581123;0.153554042;3.522365996;0.156315896;3.522365996;0.156315896;3.522365996;0.156315896;3.522365996;0.156315896;3.522365996;0.156315896;3.522365996;0.156315896;3.522365996;0.156315896;0;0;5.133333333;0;11.667024;0;0;0.01296;1;0;0;0;0;0;0;0;0;0
rijwoning hoek;2031 - 2040;parthuur;2.265537935;0.177732383;2.196141788;0.160774329;2.196141788;0.160774329;2.196141788;0.160774329;2.196141788;0.160774329;2.196141788;0.160774329;2.196141788;0.160774329;2.196141788;0.160774329;0;0;5.133333333;0;11.667024;0;0;0.01296;1;0;0;0;0;0;0;0;0;0
rijwoning hoek;2031 - 2040;wooncorp;17.14476647;0;9.495531459;0.090770127;9.495531459;0.090770127;9.495531459;0.090770127;9.495531459;0.090770127;9.495531459;0.090770127;9.495531459;0.090770127;9.495531459;0.090770127;0;0;5.133333333;0;11.667024;0;0;0.01296;1;0;0;0;0;0;0;0;0;0
rijwoning hoek;2041 - 2050;koop;5.11581123;0.153554042;3.522365996;0.156315896;3.522365996;0.156315896;3.522365996;0.156315896;3.522365996;0.156315896;3.522365996;0.156315896;3.522365996;0.156315896;3.522365996;0.156315896;0;0;5.133333333;0;11.667024;0;0;0.01296;1;0;0;0;0;0;0;0;0;0
rijwoning hoek;2041 - 2050;parthuur;2.265537935;0.177732383;2.196141788;0.160774329;2.196141788;0.160774329;2.196141788;0.160774329;2.196141788;0.160774329;2.196141788;0.160774329;2.196141788;0.160774329;2.196141788;0.160774329;0;0;5.133333333;0;11.667024;0;0;0.01296;1;0;0;0;0;0;0;0;0;0
rijwoning hoek;2041 - 2050;wooncorp;17.14476647;0;9.495531459;0.090770127;9.495531459;0.090770127;9.495531459;0.090770127;9.495531459;0.090770127;9.495531459;0.090770127;9.495531459;0.090770127;9.495531459;0.090770127;0;0;5.133333333;0;11.667024;0;0;0.01296;1;0;0;0;0;0;0;0;0;0
rijwoning tussen;voor 1930;koop;17.95242074;0.195759065;13.682624;0.208353174;15.36780801;0.208353174;15.48150658;0.208353174;14.02167846;0.208353174;10.9262688;0.208353174;8.822842683;0.208353174;6.052861521;0.208353174;0;7;7.1;0;9.98;0;0;0.01296;0.05;0;0.35;0.42;0.18;0;0;0;0;0
rijwoning tussen;voor 1930;parthuur;19.03000912;0.197452787;18.91452518;0.191255025;19.41295087;0.191255025;17.40529825;0.191255025;11.97804655;0.191255025;12.77082655;0.191255025;12.12165805;0.191255025;8.527817829;0.191255025;0;7;7.1;0;9.98;0;0;0.01296;0.05;0;0.35;0.42;0.18;0;0;0;0;0
rijwoning tussen;voor 1930;wooncorp;16.86525242;0.183352384;23.52176277;0.127166015;21.72606707;0.127166015;19.96326048;0.127166015;18.37510639;0.127166015;16.65020925;0.127166015;16.82238332;0.127166015;14.45690641;0.127166015;0;7;7.1;0;9.98;0;0;0.01296;0.05;0;0.35;0.42;0.18;0;0;0;0;0
rijwoning tussen;1930 - 1945;koop;16.23931816;0.209894183;12.18552088;0.230095359;13.60844175;0.230095359;13.40193656;0.230095359;11.59240436;0.230095359;8.008648453;0.230095359;8.008648453;0.230095359;8.008648453;0.230095359;0;7;7.1;0;9.98;0;0;0.01296;0.05;0;0.35;0.42;0.18;0;0;0;0;0
rijwoning tussen;1930 - 1945;parthuur;22.24091545;0.194303583;17.14306094;0.211144253;17.2275018;0.211144253;19.03331771;0.211144253;12.17140841;0.211144253;9.150793213;0.211144253;9.150793213;0.211144253;9.150793213;0.211144253;0;7;7.1;0;9.98;0;0;0.01296;0.05;0;0.35;0.42;0.18;0;0;0;0;0
rijwoning tussen;1930 - 1945;wooncorp;10.96937938;0.274288578;23.80681088;0.128877717;22.78056245;0.128877717;20.57020643;0.128877717;17.36877158;0.128877717;16.2291817;0.128877717;13.20155009;0.128877717;13.98166777;0.128877717;0;7;7.1;0;9.98;0;0;0.01296;0.05;0;0.35;0.42;0.18;0;0;0;0;0
rijwoning tussen;1946 - 1964;koop;16.37662411;0.200231692;12.04587279;0.246881075;11.30157979;0.246881075;10.15381107;0.246881075;8.922396682;0.246881075;6.588945649;0.246881075;3.262038713;0.246881075;1.744163051;0.246881075;0;0.0078;6.4;0;10.13;0;0;0.01296;0;0;0.52;0.35;0.08;0.01;0.03;0;0;0
rijwoning tussen;1946 - 1964;parthuur;23.07798059;0.185759789;15.39020761;0.203804578;19.37357794;0.203804578;16.35179696;0.203804578;13.4620734;0.203804578;11.05351812;0.203804578;7.879230961;0.203804578;7.879230961;0.203804578;0;0.0078;6.4;0;10.13;0;0;0.01296;0;0;0.52;0.35;0.08;0.01;0.03;0;0;0
rijwoning tussen;1946 - 1964;wooncorp;19.15792364;0.120491015;23.18680478;0.124624553;23.65730908;0.124624553;22.57372581;0.124624553;20.24871654;0.124624553;16.82549334;0.124624553;15.69604585;0.124624553;13.62195016;0.124624553;0;0.0078;6.4;0;10.13;0;0;0.01296;0;0;0.52;0.35;0.08;0.01;0.03;0;0;0
rijwoning tussen;1965 - 1974;koop;11.73945286;0.215823861;9.842838997;0.246639014;9.842838997;0.246639014;9.842838997;0.246639014;7.115111251;0.246639014;5.508790371;0.246639014;4.328249205;0.246639014;-0.195170713;0.246639014;0;0.0076;7.3;0;9.94;0;0;0.01296;0;0;0.52;0.35;0.08;0.01;0.03;0;0;0
rijwoning tussen;1965 - 1974;parthuur;16.14468268;0.217676621;27.44966064;0.141865214;27.44966064;0.141865214;24.61422621;0.141865214;23.18787666;0.141865214;18.52273949;0.141865214;13.00517316;0.141865214;12.46558151;0.141865214;0;0.0076;7.3;0;9.94;0;0;0.01296;0;0;0.52;0.35;0.08;0.01;0.03;0;0;0
rijwoning tussen;1965 - 1974;wooncorp;21.59150417;0.089551731;22.23035097;0.133074915;22.79789102;0.133074915;21.89344327;0.133074915;19.80148123;0.133074915;16.74630072;0.133074915;14.03401887;0.133074915;12.58512158;0.133074915;0;0.0076;7.3;0;9.94;0;0;0.01296;0;0;0.52;0.35;0.08;0.01;0.03;0.0168;0.0009;0.0008
rijwoning tussen;1975 - 1991;koop;-0.002501664;0.26998236;5.669430221;0.224241069;5.669430221;0.224241069;5.669430221;0.224241069;5.669430221;0.224241069;4.990421808;0.224241069;4.122042231;0.224241069;2.057506527;0.224241069;0;0.0045;7.3;0;9.94;0;0;0.01296;0.07;0.42;0.51;0;0;0;0;0;0;0
rijwoning tussen;1975 - 1991;parthuur;8.552604083;0.22536189;8.033931776;0.223070593;8.033931776;0.223070593;8.033931776;0.223070593;7.237564027;0.223070593;5.833904339;0.223070593;3.283369779;0.223070593;1.889240516;0.223070593;0;0.0045;7.3;0;9.94;0;0;0.01296;0.07;0.42;0.51;0;0;0;0;0;0;0
rijwoning tussen;1975 - 1991;wooncorp;8.639986894;0.188224891;18.46296456;0.16474005;18.46296456;0.16474005;18.46296456;0.16474005;15.10481634;0.16474005;11.81631285;0.16474005;9.974298087;0.16474005;7.791694945;0.16474005;0;0.0045;7.3;0;9.94;0;0;0.01296;0.07;0.42;0.51;0;0;0;0;0;0;0
rijwoning tussen;1992 - 1995;koop;2.625525628;0.225298484;2.357439758;0.226090137;2.357439758;0.226090137;2.357439758;0.226090137;2.357439758;0.226090137;2.357439758;0.226090137;2.357439758;0.226090137;2.107624173;0.226090137;0;0;7.7;0;9.86;0;0;0.01296;0.07;0.42;0.51;0;0;0;0;0;0;0
rijwoning tussen;1992 - 1995;parthuur;17.10009191;0.129446625;10.01268083;0.181836536;10.01268083;0.181836536;10.01268083;0.181836536;10.01268083;0.181836536;10.01268083;0.181836536;8.492950742;0.181836536;6.28202765;0.181836536;0;0;7.7;0;9.86;0;0;0.01296;0.07;0.42;0.51;0;0;0;0;0;0;0
rijwoning tussen;1992 - 1995;wooncorp;9.999567554;0.129976565;13.73045671;0.115805274;13.73045671;0.115805274;13.73045671;0.115805274;13.73045671;0.115805274;13.73045671;0.115805274;11.93262911;0.115805274;11.24274183;0.115805274;0;0;7.7;0;9.86;0;0;0.01296;0.07;0.42;0.51;0;0;0;0;0;0;0
rijwoning tussen;1996 - 1999;koop;3.31701264;0.201970014;1.44489178;0.228924418;1.44489178;0.228924418;1.44489178;0.228924418;1.44489178;0.228924418;1.44489178;0.228924418;1.44489178;0.228924418;-0.747616967;0.228924418;0;0;7.7;0;9.86;0;0;0.01296;0.34;0.53;0.12;0;0;0;0;0.0702;0.0334;0.0027
rijwoning tussen;1996 - 1999;parthuur;5.820511702;0.19341965;12.72119051;0.131187387;12.72119051;0.131187387;12.72119051;0.131187387;12.72119051;0.131187387;12.72119051;0.131187387;12.72119051;0.131187387;8.225942483;0.131187387;0;0;7.7;0;9.86;0;0;0.01296;0.34;0.53;0.12;0;0;0;0;0.2117;0.0318;0.0089
rijwoning tussen;1996 - 1999;wooncorp;14.91340333;0.083047072;16.04611712;0.099238724;16.04611712;0.099238724;16.04611712;0.099238724;16.04611712;0.099238724;16.04611712;0.099238724;12.97253703;0.099238724;11.73057518;0.099238724;0;0;7.7;0;9.86;0;0;0.01296;0.34;0.53;0.12;0;0;0;0;0.1808;0.0451;0.007
rijwoning tussen;2000 - 2005;koop;4.383412722;0.171773084;-1.79345064;0.214851619;-1.79345064;0.214851619;-1.79345064;0.214851619;-1.79345064;0.214851619;-1.79345064;0.214851619;-1.79345064;0.214851619;-1.79345064;0.214851619;0;0;7.7;0;9.86;0;0;0.01296;0.34;0.53;0.12;0;0;0;0;0.0702;0.0334;0.0027
rijwoning tussen;2000 - 2005;parthuur;9.204964885;0.142907834;3.980615164;0.164427074;3.980615164;0.164427074;3.980615164;0.164427074;3.980615164;0.164427074;3.980615164;0.164427074;3.980615164;0.164427074;3.980615164;0.164427074;0;0;7.7;0;9.86;0;0;0.01296;0.34;0.53;0.12;0;0;0;0;0.2117;0.0318;0.0089
rijwoning tussen;2000 - 2005;wooncorp;7.317588935;0.14312169;20.1468108;0.106327758;20.1468108;0.106327758;20.1468108;0.106327758;20.1468108;0.106327758;16.01488442;0.106327758;11.88295805;0.106327758;10.70204929;0.106327758;0;0;7.7;0;9.86;0;0;0.01296;0.34;0.53;0.12;0;0;0;0;0.1808;0.0451;0.007
rijwoning tussen;2006 - 2010;koop;5.041653465;0.156780497;4.602471126;0.158546868;4.602471126;0.158546868;4.602471126;0.158546868;4.602471126;0.158546868;4.602471126;0.158546868;4.602471126;0.158546868;4.602471126;0.158546868;0;0;7.7;0;9.86;0;0;0.01296;0.34;0.53;0.12;0;0;0;0;0.0702;0.0334;0.0027
rijwoning tussen;2006 - 2010;parthuur;13.93940377;0.100582634;12.43748107;0.092491214;12.43748107;0.092491214;12.43748107;0.092491214;12.43748107;0.092491214;12.43748107;0.092491214;12.43748107;0.092491214;12.43748107;0.092491214;0;0;7.7;0;9.86;0;0;0.01296;0.34;0.53;0.12;0;0;0;0;0.2117;0.0318;0.0089
rijwoning tussen;2006 - 2010;wooncorp;12.65926646;0.093967587;15.19080977;0.078096342;15.19080977;0.078096342;15.19080977;0.078096342;15.19080977;0.078096342;15.19080977;0.078096342;15.19080977;0.078096342;14.1299805;0.078096342;0;0;7.7;0;9.86;0;0;0.01296;0.34;0.53;0.12;0;0;0;0;0.1808;0.0451;0.007
rijwoning tussen;2011 - 2014;koop;1.016411675;0.169913784;4.70409611;0.136033503;4.70409611;0.136033503;4.70409611;0.136033503;4.70409611;0.136033503;4.70409611;0.136033503;4.70409611;0.136033503;4.70409611;0.136033503;0;0;7.7;0;9.86;0;0;0.01296;0.34;0.53;0.12;0;0;0;0;0.0702;0.0334;0.0027
rijwoning tussen;2011 - 2014;parthuur;10.35181979;0.097607889;6.007896857;0.120147752;6.007896857;0.120147752;6.007896857;0.120147752;6.007896857;0.120147752;6.007896857;0.120147752;6.007896857;0.120147752;6.007896857;0.120147752;0;0;7.7;0;9.86;0;0;0.01296;0.34;0.53;0.12;0;0;0;0;0.2117;0.0318;0.0089
rijwoning tussen;2011 - 2014;wooncorp;14.92879716;0.031812217;9.517798396;0.075856609;9.517798396;0.075856609;9.517798396;0.075856609;9.517798396;0.075856609;9.517798396;0.075856609;10.44644306;0.075856609;11.37508772;0.075856609;0;0;7.7;0;9.86;0;0;0.01296;0.34;0.53;0.12;0;0;0;0;0.1808;0.0451;0.007
rijwoning tussen;2015 - 2020;koop;2.134024196;0.154318258;1.631565707;0.143649835;1.631565707;0.143649835;1.631565707;0.143649835;1.631565707;0.143649835;1.631565707;0.143649835;1.631565707;0.143649835;1.631565707;0.143649835;0;0;7.7;0;9.86;0;0;0.01296;0.34;0.53;0.12;0;0;0;0;0.0702;0.0334;0.0027
rijwoning tussen;2015 - 2020;parthuur;5.427507766;0.130897995;7.047295563;0.096965795;7.047295563;0.096965795;7.047295563;0.096965795;7.047295563;0.096965795;7.047295563;0.096965795;7.047295563;0.096965795;7.047295563;0.096965795;0;0;7.7;0;9.86;0;0;0.01296;0.34;0.53;0.12;0;0;0;0;0.2117;0.0318;0.0089
rijwoning tussen;2015 - 2020;wooncorp;12.09431711;0.048264016;6.368915431;0.102765665;6.368915431;0.102765665;6.368915431;0.102765665;6.368915431;0.102765665;6.368915431;0.102765665;6.368915431;0.102765665;6.368915431;0.102765665;0;0;7.7;0;9.86;0;0;0.01296;0.34;0.53;0.12;0;0;0;0;0.1808;0.0451;0.007
rijwoning tussen;2021 - 2030;koop;2.134024196;0.154318258;1.631565707;0.143649835;1.631565707;0.143649835;1.631565707;0.143649835;1.631565707;0.143649835;1.631565707;0.143649835;1.631565707;0.143649835;1.631565707;0.143649835;0;0;5.133333333;0;11.667024;0;0;0.01296;1;0;0;0;0;0;0;0;0;0
rijwoning tussen;2021 - 2030;parthuur;5.427507766;0.130897995;7.047295563;0.096965795;7.047295563;0.096965795;7.047295563;0.096965795;7.047295563;0.096965795;7.047295563;0.096965795;7.047295563;0.096965795;7.047295563;0.096965795;0;0;5.133333333;0;11.667024;0;0;0.01296;1;0;0;0;0;0;0;0;0;0
rijwoning tussen;2021 - 2030;wooncorp;12.09431711;0.048264016;6.368915431;0.102765665;6.368915431;0.102765665;6.368915431;0.102765665;6.368915431;0.102765665;6.368915431;0.102765665;6.368915431;0.102765665;6.368915431;0.102765665;0;0;5.133333333;0;11.667024;0;0;0.01296;1;0;0;0;0;0;0;0;0;0
rijwoning tussen;2031 - 2040;koop;2.134024196;0.154318258;1.631565707;0.143649835;1.631565707;0.143649835;1.631565707;0.143649835;1.631565707;0.143649835;1.631565707;0.143649835;1.631565707;0.143649835;1.631565707;0.143649835;0;0;5.133333333;0;11.667024;0;0;0.01296;1;0;0;0;0;0;0;0;0;0
rijwoning tussen;2031 - 2040;parthuur;5.427507766;0.130897995;7.047295563;0.096965795;7.047295563;0.096965795;7.047295563;0.096965795;7.047295563;0.096965795;7.047295563;0.096965795;7.047295563;0.096965795;7.047295563;0.096965795;0;0;5.133333333;0;11.667024;0;0;0.01296;1;0;0;0;0;0;0;0;0;0
rijwoning tussen;2031 - 2040;wooncorp;12.09431711;0.048264016;6.368915431;0.102765665;6.368915431;0.102765665;6.368915431;0.102765665;6.368915431;0.102765665;6.368915431;0.102765665;6.368915431;0.102765665;6.368915431;0.102765665;0;0;5.133333333;0;11.667024;0;0;0.01296;1;0;0;0;0;0;0;0;0;0
rijwoning tussen;2041 - 2050;koop;2.134024196;0.154318258;1.631565707;0.143649835;1.631565707;0.143649835;1.631565707;0.143649835;1.631565707;0.143649835;1.631565707;0.143649835;1.631565707;0.143649835;1.631565707;0.143649835;0;0;5.133333333;0;11.667024;0;0;0.01296;1;0;0;0;0;0;0;0;0;0
rijwoning tussen;2041 - 2050;parthuur;5.427507766;0.130897995;7.047295563;0.096965795;7.047295563;0.096965795;7.047295563;0.096965795;7.047295563;0.096965795;7.047295563;0.096965795;7.047295563;0.096965795;7.047295563;0.096965795;0;0;5.133333333;0;11.667024;0;0;0.01296;1;0;0;0;0;0;0;0;0;0
rijwoning tussen;2041 - 2050;wooncorp;12.09431711;0.048264016;6.368915431;0.102765665;6.368915431;0.102765665;6.368915431;0.102765665;6.368915431;0.102765665;6.368915431;0.102765665;6.368915431;0.102765665;6.368915431;0.102765665;0;0;5.133333333;0;11.667024;0;0;0.01296;1;0;0;0;0;0;0;0;0;0
meergezins: laag en midden;voor 1930;koop;19.2804642;0.166668541;14.55144051;0.195467981;16.50300668;0.195467981;15.3699826;0.195467981;11.71844448;0.195467981;9.640042724;0.195467981;7.472146755;0.195467981;4.7628931;0.195467981;0;0.0072;5;0;8.41;0;0;0.01296;0;0;0.33;0.24;0.23;0.15;0.05;0;0;0
meergezins: laag en midden;voor 1930;parthuur;16.51640954;0.1920802;15.49618818;0.191687395;16.05636273;0.191687395;14.98072714;0.191687395;12.32192631;0.191687395;10.02212399;0.191687395;8.39475497;0.191687395;5.816457231;0.191687395;0;0.0072;5;0;8.41;0;0;0.01296;0;0;0.33;0.24;0.23;0.15;0.05;0;0;0
meergezins: laag en midden;voor 1930;wooncorp;14.73318302;0.183750231;15.68244209;0.171508345;16.25054616;0.171508345;15.26201492;0.171508345;14.43318327;0.171508345;12.2200645;0.171508345;10.78258951;0.171508345;8.912066608;0.171508345;0;0.0072;5;0;8.41;0;0;0.01296;0;0;0.33;0.24;0.23;0.15;0.05;0;0;0
meergezins: laag en midden;1930 - 1945;koop;20.01647482;0.169592152;11.4975186;0.218978889;15.5015937;0.218978889;13.80629475;0.218978889;11.19416287;0.218978889;9.252731487;0.218978889;6.448646554;0.218978889;7.066949183;0.218978889;0;0.0072;5;0;8.41;0;0;0.01296;0;0;0.33;0.24;0.23;0.15;0.05;0;0;0
meergezins: laag en midden;1930 - 1945;parthuur;18.15186307;0.190741464;14.74026672;0.214354155;15.956205;0.214354155;15.5605246;0.214354155;12.51560056;0.214354155;11.20677152;0.214354155;8.711384144;0.214354155;6.943522746;0.214354155;0;0.0072;5;0;8.41;0;0;0.01296;0;0;0.33;0.24;0.23;0.15;0.05;0;0;0
meergezins: laag en midden;1930 - 1945;wooncorp;11.96027272;0.223399233;18.32041454;0.154660635;17.20628122;0.154660635;17.32756293;0.154660635;16.42947376;0.154660635;14.17059054;0.154660635;12.78814905;0.154660635;10.4615221;0.154660635;0;0.0072;5;0;8.41;0;0;0.01296;0;0;0.33;0.24;0.23;0.15;0.05;0;0;0
meergezins: laag en midden;1946 - 1964;koop;17.46887009;0.175187541;10.79355631;0.224416397;11.84807754;0.224416397;13.20312026;0.224416397;11.03278427;0.224416397;7.246740787;0.224416397;5.579399731;0.224416397;1.526842258;0.224416397;0;0.0065;5.3;0;8.34;0;0;0.01296;0;0;0.15;0.13;0.2;0.24;0.27;0;0;0
meergezins: laag en midden;1946 - 1964;parthuur;14.56815483;0.190661119;15.33009984;0.198807801;14.99450294;0.198807801;15.41560117;0.198807801;12.46856497;0.198807801;9.355893616;0.198807801;8.792582405;0.198807801;4.644745726;0.198807801;0;0.0065;5.3;0;8.34;0;0;0.01296;0;0;0.15;0.13;0.2;0.24;0.27;0;0;0
meergezins: laag en midden;1946 - 1964;wooncorp;15.40409623;0.142522081;18.24306838;0.13606591;18.80004819;0.13606591;17.44639179;0.13606591;17.04359907;0.13606591;14.52116988;0.13606591;12.16376717;0.13606591;10.07205061;0.13606591;0;0.0065;5.3;0;8.34;0;0;0.01296;0;0;0.15;0.13;0.2;0.24;0.27;0;0;0
meergezins: laag en midden;1965 - 1974;koop;13.52888486;0.197703566;16.21601189;0.171366086;16.21601189;0.171366086;16.21601189;0.171366086;16.21601189;0.171366086;9.932116496;0.171366086;8.064269445;0.171366086;7.518707044;0.171366086;0;0.0048;5.6;0;8.29;0;0;0.01296;0;0;0.15;0.13;0.2;0.24;0.27;0;0;0
meergezins: laag en midden;1965 - 1974;parthuur;12.19084272;0.19517986;13.70797659;0.188834017;13.70797659;0.188834017;13.70797659;0.188834017;13.57539183;0.188834017;10.47567448;0.188834017;5.536592201;0.188834017;4.109540663;0.188834017;0;0.0048;5.6;0;8.29;0;0;0.01296;0;0;0.15;0.13;0.2;0.24;0.27;0;0;0
meergezins: laag en midden;1965 - 1974;wooncorp;10.80227707;0.167239839;17.14440119;0.126622323;19.59322672;0.126622323;19.81042475;0.126622323;16.17489096;0.126622323;14.55750066;0.126622323;12.90139231;0.126622323;10.5884679;0.126622323;0;0.0048;5.6;0;8.29;0;0;0.01296;0;0;0.15;0.13;0.2;0.24;0.27;0;0;0
meergezins: laag en midden;1975 - 1991;koop;8.443780521;0.200356395;15.55060919;0.151380403;15.55060919;0.151380403;15.55060919;0.151380403;15.55060919;0.151380403;10.57365158;0.151380403;9.862060594;0.151380403;9.01715586;0.151380403;0;0.0025;5.5;0;8.3;0;0;0.01296;0;0.54;0.25;0.11;0.04;0.06;0.01;0.0002;0;0
meergezins: laag en midden;1975 - 1991;parthuur;8.852613652;0.196211514;13.92501609;0.169525859;13.92501609;0.169525859;13.92501609;0.169525859;11.96301484;0.169525859;9.674514306;0.169525859;8.385159672;0.169525859;4.63337114;0.169525859;0;0.0025;5.5;0;8.3;0;0;0.01296;0;0.54;0.25;0.11;0.04;0.06;0.01;0;0;0
meergezins: laag en midden;1975 - 1991;wooncorp;7.797606799;0.203205202;14.07804827;0.169399718;14.07804827;0.169399718;14.07804827;0.169399718;13.54231197;0.169399718;9.88788641;0.169399718;8.597536327;0.169399718;7.747161326;0.169399718;0;0.0025;5.5;0;8.3;0;0;0.01296;0;0.54;0.25;0.11;0.04;0.06;0.01;0.0004;0;0
meergezins: laag en midden;1992 - 1995;koop;4.078137011;0.212909153;7.064516783;0.175760877;7.064516783;0.175760877;7.064516783;0.175760877;7.064516783;0.175760877;7.064516783;0.175760877;4.895013599;0.175760877;3.446266714;0.175760877;0;0;5.7;0;8.26;0;0;0.01296;0;0.54;0.25;0.11;0.04;0.06;0.01;0.0002;0;0
meergezins: laag en midden;1992 - 1995;parthuur;6.79781461;0.173604551;8.533701726;0.147246006;8.533701726;0.147246006;8.533701726;0.147246006;8.533701726;0.147246006;8.533701726;0.147246006;7.982871797;0.147246006;7.817250634;0.147246006;0;0;5.7;0;8.26;0;0;0.01296;0;0.54;0.25;0.11;0.04;0.06;0.01;0;0;0
meergezins: laag en midden;1992 - 1995;wooncorp;9.670895041;0.14446658;13.41980052;0.1461999;13.41980052;0.1461999;13.41980052;0.1461999;13.41980052;0.1461999;8.387802966;0.1461999;8.518709811;0.1461999;7.465513004;0.1461999;0;0;5.7;0;8.26;0;0;0.01296;0;0.54;0.25;0.11;0.04;0.06;0.01;0.0004;0;0
meergezins: laag en midden;1996 - 1999;koop;4.268371771;0.186570685;4.466726386;0.170298178;4.466726386;0.170298178;4.466726386;0.170298178;4.466726386;0.170298178;4.466726386;0.170298178;5.437608661;0.170298178;5.198962906;0.170298178;0;0;5.7;0;8.26;0;0;0.01296;0.64;0.36;0;0;0;0;0;0.0226;0.034;0
meergezins: laag en midden;1996 - 1999;parthuur;5.956199713;0.165250703;5.652793918;0.156869706;5.652793918;0.156869706;5.652793918;0.156869706;5.652793918;0.156869706;5.652793918;0.156869706;6.24850772;0.156869706;5.319872632;0.156869706;0;0;5.7;0;8.26;0;0;0.01296;0.64;0.36;0;0;0;0;0;0.0751;0.0219;0
meergezins: laag en midden;1996 - 1999;wooncorp;6.3391216;0.169505576;10.41517776;0.107888663;10.41517776;0.107888663;10.41517776;0.107888663;10.41517776;0.107888663;10.41517776;0.107888663;10.4135578;0.107888663;9.261993012;0.107888663;0;0;5.7;0;8.26;0;0;0.01296;0.64;0.36;0;0;0;0;0;0.0466;0.0297;0
meergezins: laag en midden;2000 - 2005;koop;2.169551953;0.181264718;8.162928749;0.136550753;8.162928749;0.136550753;8.162928749;0.136550753;8.162928749;0.136550753;8.162928749;0.136550753;8.162928749;0.136550753;5.271122818;0.136550753;0;0;5.7;0;8.26;0;0;0.01296;0.64;0.36;0;0;0;0;0;0.0226;0.034;0
meergezins: laag en midden;2000 - 2005;parthuur;3.498640025;0.165480371;12.62256608;0.109599764;12.62256608;0.109599764;12.62256608;0.109599764;12.62256608;0.109599764;12.62256608;0.109599764;8.635591803;0.109599764;8.709917289;0.109599764;0;0;5.7;0;8.26;0;0;0.01296;0.64;0.36;0;0;0;0;0;0.0751;0.0219;0
meergezins: laag en midden;2000 - 2005;wooncorp;8.32659618;0.104510444;18.22462632;0.103171335;18.22462632;0.103171335;18.22462632;0.103171335;18.22462632;0.103171335;11.3465078;0.103171335;9.239204216;0.103171335;8.822745281;0.103171335;0;0;5.7;0;8.26;0;0;0.01296;0.64;0.36;0;0;0;0;0;0.0466;0.0297;0
meergezins: laag en midden;2006 - 2010;koop;2.028843836;0.175955998;8.260929333;0.112348708;8.260929333;0.112348708;8.260929333;0.112348708;8.260929333;0.112348708;8.260929333;0.112348708;8.260929333;0.112348708;8.105501705;0.112348708;0;0;5.7;0;8.26;0;0;0.01296;0.64;0.36;0;0;0;0;0;0.0226;0.034;0
meergezins: laag en midden;2006 - 2010;parthuur;5.131152458;0.140584186;7.496991661;0.123941882;7.496991661;0.123941882;7.496991661;0.123941882;7.496991661;0.123941882;7.496991661;0.123941882;7.496991661;0.123941882;6.607747298;0.123941882;0;0;5.7;0;8.26;0;0;0.01296;0.64;0.36;0;0;0;0;0;0.0751;0.0219;0
meergezins: laag en midden;2006 - 2010;wooncorp;6.515337801;0.122833663;11.82663718;0.087555579;11.82663718;0.087555579;11.82663718;0.087555579;11.82663718;0.087555579;11.82663718;0.087555579;10.33385652;0.087555579;9.896968119;0.087555579;0;0;5.7;0;8.26;0;0;0.01296;0.64;0.36;0;0;0;0;0;0.0466;0.0297;0
meergezins: laag en midden;2011 - 2014;koop;2.974998444;0.151388539;2.308822311;0.165891945;2.308822311;0.165891945;2.308822311;0.165891945;2.308822311;0.165891945;2.308822311;0.165891945;2.308822311;0.165891945;2.308822311;0.165891945;0;0;5.7;0;8.26;0;0;0.01296;0.64;0.36;0;0;0;0;0;0.0226;0.034;0
meergezins: laag en midden;2011 - 2014;parthuur;3.424389667;0.158678891;14.69237057;0.068342786;14.69237057;0.068342786;14.69237057;0.068342786;14.69237057;0.068342786;14.69237057;0.068342786;14.69237057;0.068342786;10.48920629;0.068342786;0;0;5.7;0;8.26;0;0;0.01296;0.64;0.36;0;0;0;0;0;0.0751;0.0219;0
meergezins: laag en midden;2011 - 2014;wooncorp;4.638919728;0.129078149;12.91581877;0.090564681;12.91581877;0.090564681;12.91581877;0.090564681;12.91581877;0.090564681;12.91581877;0.090564681;10.48750863;0.090564681;8.526458215;0.090564681;0;0;5.7;0;8.26;0;0;0.01296;0.64;0.36;0;0;0;0;0;0.0466;0.0297;0
meergezins: laag en midden;2015 - 2020;koop;6.167050727;0.128581907;7.480905946;0.060940361;7.480905946;0.060940361;7.480905946;0.060940361;7.480905946;0.060940361;7.480905946;0.060940361;7.480905946;0.060940361;10.32198144;0.060940361;0;0;5.7;0;8.26;0;0;0.01296;0.64;0.36;0;0;0;0;0;0.0226;0.034;0
meergezins: laag en midden;2015 - 2020;parthuur;3.236954671;0.172639342;6.259029626;0.079545339;6.259029626;0.079545339;6.259029626;0.079545339;6.259029626;0.079545339;6.259029626;0.079545339;6.259029626;0.079545339;8.318946841;0.079545339;0;0;5.7;0;8.26;0;0;0.01296;0.64;0.36;0;0;0;0;0;0.0751;0.0219;0
meergezins: laag en midden;2015 - 2020;wooncorp;7.308269802;0.076995178;11.69177932;0.04771635;11.69177932;0.04771635;11.69177932;0.04771635;11.69177932;0.04771635;11.69177932;0.04771635;11.69177932;0.04771635;10.13589132;0.04771635;0;0;5.7;0;8.26;0;0;0.01296;0.64;0.36;0;0;0;0;0;0.0466;0.0297;0
meergezins: laag en midden;2021 - 2030;koop;6.167050727;0.128581907;7.480905946;0.060940361;7.480905946;0.060940361;7.480905946;0.060940361;7.480905946;0.060940361;7.480905946;0.060940361;7.480905946;0.060940361;10.32198144;0.060940361;0;0;3.8;0;9.978048;0;0;0.01296;1;0;0;0;0;0;0;0;0;0
meergezins: laag en midden;2021 - 2030;parthuur;3.236954671;0.172639342;6.259029626;0.079545339;6.259029626;0.079545339;6.259029626;0.079545339;6.259029626;0.079545339;6.259029626;0.079545339;6.259029626;0.079545339;8.318946841;0.079545339;0;0;3.8;0;9.978048;0;0;0.01296;1;0;0;0;0;0;0;0;0;0
meergezins: laag en midden;2021 - 2030;wooncorp;7.308269802;0.076995178;11.69177932;0.04771635;11.69177932;0.04771635;11.69177932;0.04771635;11.69177932;0.04771635;11.69177932;0.04771635;11.69177932;0.04771635;10.13589132;0.04771635;0;0;3.8;0;9.978048;0;0;0.01296;1;0;0;0;0;0;0;0;0;0
meergezins: laag en midden;2031 - 2040;koop;6.167050727;0.128581907;7.480905946;0.060940361;7.480905946;0.060940361;7.480905946;0.060940361;7.480905946;0.060940361;7.480905946;0.060940361;7.480905946;0.060940361;10.32198144;0.060940361;0;0;3.8;0;9.978048;0;0;0.01296;1;0;0;0;0;0;0;0;0;0
meergezins: laag en midden;2031 - 2040;parthuur;3.236954671;0.172639342;6.259029626;0.079545339;6.259029626;0.079545339;6.259029626;0.079545339;6.259029626;0.079545339;6.259029626;0.079545339;6.259029626;0.079545339;8.318946841;0.079545339;0;0;3.8;0;9.978048;0;0;0.01296;1;0;0;0;0;0;0;0;0;0
meergezins: laag en midden;2031 - 2040;wooncorp;7.308269802;0.076995178;11.69177932;0.04771635;11.69177932;0.04771635;11.69177932;0.04771635;11.69177932;0.04771635;11.69177932;0.04771635;11.69177932;0.04771635;10.13589132;0.04771635;0;0;3.8;0;9.978048;0;0;0.01296;1;0;0;0;0;0;0;0;0;0
meergezins: laag en midden;2041 - 2050;koop;6.167050727;0.128581907;7.480905946;0.060940361;7.480905946;0.060940361;7.480905946;0.060940361;7.480905946;0.060940361;7.480905946;0.060940361;7.480905946;0.060940361;10.32198144;0.060940361;0;0;3.8;0;9.978048;0;0;0.01296;1;0;0;0;0;0;0;0;0;0
meergezins: laag en midden;2041 - 2050;parthuur;3.236954671;0.172639342;6.259029626;0.079545339;6.259029626;0.079545339;6.259029626;0.079545339;6.259029626;0.079545339;6.259029626;0.079545339;6.259029626;0.079545339;8.318946841;0.079545339;0;0;3.8;0;9.978048;0;0;0.01296;1;0;0;0;0;0;0;0;0;0
meergezins: laag en midden;2041 - 2050;wooncorp;7.308269802;0.076995178;11.69177932;0.04771635;11.69177932;0.04771635;11.69177932;0.04771635;11.69177932;0.04771635;11.69177932;0.04771635;11.69177932;0.04771635;10.13589132;0.04771635;0;0;3.8;0;9.978048;0;0;0.01296;1;0;0;0;0;0;0;0;0;0
meergezins: hoog;voor 1930;koop;10.517282;0.227281715;13.06405529;0.230204726;9.373898371;0.230204726;9.160544761;0.230204726;7.522781258;0.230204726;3.79703398;0.230204726;2.103225086;0.230204726;1.966887061;0.230204726;0;0.0072;5.6;0;8.28;0;0;0.01296;0;0;0.33;0.24;0.23;0.15;0.05;0;0;0
meergezins: hoog;voor 1930;parthuur;10.55183265;0.229801348;11.33584964;0.20637297;12.18825854;0.20637297;10.38147208;0.20637297;8.681311676;0.20637297;6.597670517;0.20637297;5.590134654;0.20637297;3.556729341;0.20637297;0;0.0072;5.6;0;8.28;0;0;0.01296;0;0;0.33;0.24;0.23;0.15;0.05;0;0;0
meergezins: hoog;voor 1930;wooncorp;11.1614801;0.197727531;10.6475568;0.198056196;10.7539429;0.198056196;11.37243201;0.198056196;11.13743449;0.198056196;9.802403378;0.198056196;8.537893823;0.198056196;6.838769725;0.198056196;0;0.0072;5.6;0;8.28;0;0;0.01296;0;0;0.33;0.24;0.23;0.15;0.05;0;0;0
meergezins: hoog;1930 - 1945;koop;12.4222726;0.220729259;11.8625529;0.233920002;11.40143432;0.233920002;11.5184862;0.233920002;9.060248677;0.233920002;7.54970225;0.233920002;3.955137155;0.233920002;0.345243695;0.233920002;0;0.0072;5.6;0;8.28;0;0;0.01296;0;0;0.33;0.24;0.23;0.15;0.05;0;0;0
meergezins: hoog;1930 - 1945;parthuur;11.86627968;0.231466639;11.60709692;0.245798809;11.63533134;0.245798809;10.08245506;0.245798809;7.243345872;0.245798809;5.750143315;0.245798809;4.863326577;0.245798809;2.957724069;0.245798809;0;0.0072;5.6;0;8.28;0;0;0.01296;0;0;0.33;0.24;0.23;0.15;0.05;0;0;0
meergezins: hoog;1930 - 1945;wooncorp;12.40077081;0.209600043;11.44324146;0.191549225;14.50343421;0.191549225;14.7168856;0.191549225;12.63888697;0.191549225;12.07565069;0.191549225;10.2772179;0.191549225;3.335917008;0.191549225;0;0.0072;5.6;0;8.28;0;0;0.01296;0;0;0.33;0.24;0.23;0.15;0.05;0;0;0
meergezins: hoog;1946 - 1964;koop;11.9881089;0.212474261;15.11911161;0.202017511;15.11911161;0.202017511;15.11911161;0.202017511;10.85041625;0.202017511;6.717001278;0.202017511;1.904888724;0.202017511;0.631834432;0.202017511;0;0.0065;5.6;0;8.28;0;0;0.01296;0;0;0.15;0.13;0.2;0.24;0.27;0;0;0
meergezins: hoog;1946 - 1964;parthuur;13.04198758;0.195424668;17.82107875;0.137190623;20.14495999;0.137190623;20.13075093;0.137190623;17.11051594;0.137190623;12.55584934;0.137190623;8.854403673;0.137190623;8.216188804;0.137190623;0;0.0065;5.6;0;8.28;0;0;0.01296;0;0;0.15;0.13;0.2;0.24;0.27;0;0;0
meergezins: hoog;1946 - 1964;wooncorp;9.182973367;0.274398687;15.24217617;0.177345787;15.38566772;0.177345787;14.48664125;0.177345787;14.35020665;0.177345787;12.16546813;0.177345787;9.690995716;0.177345787;8.549232107;0.177345787;0;0.0065;5.6;0;8.28;0;0;0.01296;0;0;0.15;0.13;0.2;0.24;0.27;0;0;0
meergezins: hoog;1965 - 1974;koop;3.871057556;0.266791971;6.435865024;0.212217516;6.435865024;0.212217516;6.435865024;0.212217516;6.435865024;0.212217516;5.617279871;0.212217516;0.42914633;0.212217516;-4.758987211;0.212217516;0;0.0048;6.1;0;8.18;0;0;0.01296;0;0;0.15;0.13;0.2;0.24;0.27;0;0;0
meergezins: hoog;1965 - 1974;parthuur;10.99182975;0.189040288;13.35641873;0.14964368;13.35641873;0.14964368;15.0858186;0.14964368;13.73521465;0.14964368;9.798942989;0.14964368;8.73892234;0.14964368;5.443773706;0.14964368;0;0.0048;6.1;0;8.18;0;0;0.01296;0;0;0.15;0.13;0.2;0.24;0.27;0;0;0
meergezins: hoog;1965 - 1974;wooncorp;12.86922159;0.113538676;22.61915008;0.08851283;20.83123275;0.08851283;21.43553137;0.08851283;16.76889128;0.08851283;15.60168739;0.08851283;14.61223999;0.08851283;11.73541751;0.08851283;0;0.0048;6.1;0;8.18;0;0;0.01296;0;0;0.15;0.13;0.2;0.24;0.27;0;0;0
meergezins: hoog;1975 - 1991;koop;6.604587301;0.212309851;9.816957242;0.167737559;9.816957242;0.167737559;9.816957242;0.167737559;14.62290066;0.167737559;8.39470925;0.167737559;5.038366577;0.167737559;5.169560064;0.167737559;0;0.0025;5.4;0;8.32;0;0;0.01296;0;0.54;0.25;0.11;0.04;0.06;0.01;0.0002;0;0
meergezins: hoog;1975 - 1991;parthuur;8.036918293;0.203217828;20.88404698;0.186246997;20.88404698;0.186246997;20.88404698;0.186246997;12.96434691;0.186246997;8.092157414;0.186246997;4.974981673;0.186246997;4.528045267;0.186246997;0;0.0025;5.4;0;8.32;0;0;0.01296;0;0.54;0.25;0.11;0.04;0.06;0.01;0;0;0
meergezins: hoog;1975 - 1991;wooncorp;5.807510251;0.237805046;9.956843203;0.193747433;9.956843203;0.193747433;9.956843203;0.193747433;11.89006831;0.193747433;7.858887303;0.193747433;6.98057093;0.193747433;5.951246916;0.193747433;0;0.0025;5.4;0;8.32;0;0;0.01296;0;0.54;0.25;0.11;0.04;0.06;0.01;0.0004;0;0
meergezins: hoog;1992 - 1995;koop;0.948720422;0.228742245;7.632570705;0.160237112;7.632570705;0.160237112;7.632570705;0.160237112;7.632570705;0.160237112;7.632570705;0.160237112;6.836134871;0.160237112;9.168909308;0.160237112;0;0;6;0;8.21;0;0;0.01296;0;0.54;0.25;0.11;0.04;0.06;0.01;0.0002;0;0
meergezins: hoog;1992 - 1995;parthuur;3.731740264;0.198425901;7.847188394;0.131688535;7.847188394;0.131688535;7.847188394;0.131688535;7.847188394;0.131688535;7.847188394;0.131688535;7.541869662;0.131688535;8.693647205;0.131688535;0;0;6;0;8.21;0;0;0.01296;0;0.54;0.25;0.11;0.04;0.06;0.01;0;0;0
meergezins: hoog;1992 - 1995;wooncorp;10.8642069;0.133503597;12.04309904;0.105620453;12.04309904;0.105620453;12.04309904;0.105620453;12.04309904;0.105620453;10.9828742;0.105620453;10.9335378;0.105620453;9.430023551;0.105620453;0;0;6;0;8.21;0;0;0.01296;0;0.54;0.25;0.11;0.04;0.06;0.01;0.0004;0;0
meergezins: hoog;1996 - 1999;koop;2.893133138;0.177779521;6.457827701;0.154486961;6.457827701;0.154486961;6.457827701;0.154486961;6.457827701;0.154486961;6.457827701;0.154486961;6.079563076;0.154486961;4.834371467;0.154486961;0;0;6;0;8.21;0;0;0.01296;0.64;0.36;0;0;0;0;0;0.0226;0.034;0
meergezins: hoog;1996 - 1999;parthuur;3.227331565;0.182374895;4.396895737;0.167718998;4.396895737;0.167718998;4.396895737;0.167718998;4.396895737;0.167718998;4.396895737;0.167718998;3.811253962;0.167718998;4.279147013;0.167718998;0;0;6;0;8.21;0;0;0.01296;0.64;0.36;0;0;0;0;0;0.0751;0.0219;0
meergezins: hoog;1996 - 1999;wooncorp;8.554965753;0.132968429;10.34913399;0.095968947;10.34913399;0.095968947;10.34913399;0.095968947;10.34913399;0.095968947;10.34913399;0.095968947;10.22670907;0.095968947;9.91539841;0.095968947;0;0;6;0;8.21;0;0;0.01296;0.64;0.36;0;0;0;0;0;0.0466;0.0297;0
meergezins: hoog;2000 - 2005;koop;-0.7586993;0.188052953;5.506760434;0.145977482;5.506760434;0.145977482;5.506760434;0.145977482;5.506760434;0.145977482;5.506760434;0.145977482;5.506760434;0.145977482;4.944678327;0.145977482;0;0;6;0;8.21;0;0;0.01296;0.64;0.36;0;0;0;0;0;0.0226;0.034;0
meergezins: hoog;2000 - 2005;parthuur;2.864934884;0.157674849;2.771472548;0.155042955;2.771472548;0.155042955;2.771472548;0.155042955;2.771472548;0.155042955;2.771472548;0.155042955;3.950618539;0.155042955;3.628445341;0.155042955;0;0;6;0;8.21;0;0;0.01296;0.64;0.36;0;0;0;0;0;0.0751;0.0219;0
meergezins: hoog;2000 - 2005;wooncorp;6.719768421;0.12363717;11.19083033;0.112212308;11.19083033;0.112212308;11.19083033;0.112212308;11.19083033;0.112212308;11.19083033;0.112212308;8.672549067;0.112212308;7.518309768;0.112212308;0;0;6;0;8.21;0;0;0.01296;0.64;0.36;0;0;0;0;0;0.0466;0.0297;0
meergezins: hoog;2006 - 2010;koop;1.409098416;0.164139094;9.599805918;0.123201473;9.599805918;0.123201473;9.599805918;0.123201473;9.599805918;0.123201473;9.599805918;0.123201473;9.599805918;0.123201473;6.103441947;0.123201473;0;0;6;0;8.21;0;0;0.01296;0.64;0.36;0;0;0;0;0;0.0226;0.034;0
meergezins: hoog;2006 - 2010;parthuur;1.051568568;0.171892439;7.906535277;0.118225307;7.906535277;0.118225307;7.906535277;0.118225307;7.906535277;0.118225307;7.906535277;0.118225307;7.906535277;0.118225307;6.642045522;0.118225307;0;0;6;0;8.21;0;0;0.01296;0.64;0.36;0;0;0;0;0;0.0751;0.0219;0
meergezins: hoog;2006 - 2010;wooncorp;5.309063638;0.124089063;19.90002335;0.098348838;19.90002335;0.098348838;19.90002335;0.098348838;19.90002335;0.098348838;14.49545471;0.098348838;9.226075376;0.098348838;8.010471087;0.098348838;0;0;6;0;8.21;0;0;0.01296;0.64;0.36;0;0;0;0;0;0.0466;0.0297;0
meergezins: hoog;2011 - 2014;koop;0.458312581;0.163201509;4.601603969;0.141618146;4.601603969;0.141618146;4.601603969;0.141618146;4.601603969;0.141618146;4.601603969;0.141618146;4.601603969;0.141618146;3.137609986;0.141618146;0;0;6;0;8.21;0;0;0.01296;0.64;0.36;0;0;0;0;0;0.0226;0.034;0
meergezins: hoog;2011 - 2014;parthuur;0.726660556;0.170010491;8.898371429;0.109765222;8.898371429;0.109765222;8.898371429;0.109765222;8.898371429;0.109765222;8.898371429;0.109765222;8.898371429;0.109765222;5.844477878;0.109765222;0;0;6;0;8.21;0;0;0.01296;0.64;0.36;0;0;0;0;0;0.0751;0.0219;0
meergezins: hoog;2011 - 2014;wooncorp;5.479767497;0.11545365;5.703103607;0.099585248;5.703103607;0.099585248;5.703103607;0.099585248;5.703103607;0.099585248;5.703103607;0.099585248;5.703103607;0.099585248;7.342697277;0.099585248;0;0;6;0;8.21;0;0;0.01296;0.64;0.36;0;0;0;0;0;0.0466;0.0297;0
meergezins: hoog;2015 - 2020;koop;-2.142639703;0.18458794;7.847237633;0.081974379;7.847237633;0.081974379;7.847237633;0.081974379;7.847237633;0.081974379;7.847237633;0.081974379;7.847237633;0.081974379;7.847237633;0.081974379;0;0;6;0;8.21;0;0;0.01296;0.64;0.36;0;0;0;0;0;0.0226;0.034;0
meergezins: hoog;2015 - 2020;parthuur;0.68141323;0.139697632;6.222854794;0.115533244;6.222854794;0.115533244;6.222854794;0.115533244;6.222854794;0.115533244;6.222854794;0.115533244;4.57945352;0.115533244;4.530999376;0.115533244;0;0;6;0;8.21;0;0;0.01296;0.64;0.36;0;0;0;0;0;0.0751;0.0219;0
meergezins: hoog;2015 - 2020;wooncorp;-0.145852762;0.140177447;11.42321887;0.067763613;11.42321887;0.067763613;11.42321887;0.067763613;11.42321887;0.067763613;11.42321887;0.067763613;11.42321887;0.067763613;8.993720391;0.067763613;0;0;6;0;8.21;0;0;0.01296;0.64;0.36;0;0;0;0;0;0.0466;0.0297;0
meergezins: hoog;2021 - 2030;koop;-2.142639703;0.18458794;7.847237633;0.081974379;7.847237633;0.081974379;7.847237633;0.081974379;7.847237633;0.081974379;7.847237633;0.081974379;7.847237633;0.081974379;7.847237633;0.081974379;0;0;3.966666667;0;9.927648;0;0;0.01296;1;0;0;0;0;0;0;0;0;0
meergezins: hoog;2021 - 2030;parthuur;0.68141323;0.139697632;6.222854794;0.115533244;6.222854794;0.115533244;6.222854794;0.115533244;6.222854794;0.115533244;6.222854794;0.115533244;4.57945352;0.115533244;4.530999376;0.115533244;0;0;3.966666667;0;9.927648;0;0;0.01296;1;0;0;0;0;0;0;0;0;0
meergezins: hoog;2021 - 2030;wooncorp;-0.145852762;0.140177447;11.42321887;0.067763613;11.42321887;0.067763613;11.42321887;0.067763613;11.42321887;0.067763613;11.42321887;0.067763613;11.42321887;0.067763613;8.993720391;0.067763613;0;0;3.966666667;0;9.927648;0;0;0.01296;1;0;0;0;0;0;0;0;0;0
meergezins: hoog;2031 - 2040;koop;-2.142639703;0.18458794;7.847237633;0.081974379;7.847237633;0.081974379;7.847237633;0.081974379;7.847237633;0.081974379;7.847237633;0.081974379;7.847237633;0.081974379;7.847237633;0.081974379;0;0;3.966666667;0;9.927648;0;0;0.01296;1;0;0;0;0;0;0;0;0;0
meergezins: hoog;2031 - 2040;parthuur;0.68141323;0.139697632;6.222854794;0.115533244;6.222854794;0.115533244;6.222854794;0.115533244;6.222854794;0.115533244;6.222854794;0.115533244;4.57945352;0.115533244;4.530999376;0.115533244;0;0;3.966666667;0;9.927648;0;0;0.01296;1;0;0;0;0;0;0;0;0;0
meergezins: hoog;2031 - 2040;wooncorp;-0.145852762;0.140177447;11.42321887;0.067763613;11.42321887;0.067763613;11.42321887;0.067763613;11.42321887;0.067763613;11.42321887;0.067763613;11.42321887;0.067763613;8.993720391;0.067763613;0;0;3.966666667;0;9.927648;0;0;0.01296;1;0;0;0;0;0;0;0;0;0
meergezins: hoog;2041 - 2050;koop;-2.142639703;0.18458794;7.847237633;0.081974379;7.847237633;0.081974379;7.847237633;0.081974379;7.847237633;0.081974379;7.847237633;0.081974379;7.847237633;0.081974379;7.847237633;0.081974379;0;0;3.966666667;0;9.927648;0;0;0.01296;1;0;0;0;0;0;0;0;0;0
meergezins: hoog;2041 - 2050;parthuur;0.68141323;0.139697632;6.222854794;0.115533244;6.222854794;0.115533244;6.222854794;0.115533244;6.222854794;0.115533244;6.222854794;0.115533244;4.57945352;0.115533244;4.530999376;0.115533244;0;0;3.966666667;0;9.927648;0;0;0.01296;1;0;0;0;0;0;0;0;0;0
meergezins: hoog;2041 - 2050;wooncorp;-0.145852762;0.140177447;11.42321887;0.067763613;11.42321887;0.067763613;11.42321887;0.067763613;11.42321887;0.067763613;11.42321887;0.067763613;11.42321887;0.067763613;8.993720391;0.067763613;0;0;3.966666667;0;9.927648;0;0;0.01296;1;0;0;0;0;0;0;0;0;0
